CREATE TABLE IF NOT EXISTS `django_migrations` (`id` integer NOT NULL PRIMARY KEY AUTO_INCREMENT, `app` varchar(255) NOT NULL, `name` varchar(255) NOT NULL, `applied` datetime NOT NULL);
INSERT INTO django_migrations VALUES(1,'contenttypes','0001_initial','2021-10-03 16:09:24.984657');
INSERT INTO django_migrations VALUES(2,'auth','0001_initial','2021-10-03 16:09:24.995687');
INSERT INTO django_migrations VALUES(3,'admin','0001_initial','2021-10-03 16:09:25.001122');
INSERT INTO django_migrations VALUES(4,'admin','0002_logentry_remove_auto_add','2021-10-03 16:09:25.087062');
INSERT INTO django_migrations VALUES(5,'admin','0003_logentry_add_action_flag_choices','2021-10-03 16:09:25.095395');
INSERT INTO django_migrations VALUES(6,'contenttypes','0002_remove_content_type_name','2021-10-03 16:09:25.109143');
INSERT INTO django_migrations VALUES(7,'auth','0002_alter_permission_name_max_length','2021-10-03 16:09:25.116222');
INSERT INTO django_migrations VALUES(8,'auth','0003_alter_user_email_max_length','2021-10-03 16:09:25.122762');
INSERT INTO django_migrations VALUES(9,'auth','0004_alter_user_username_opts','2021-10-03 16:09:25.128435');
INSERT INTO django_migrations VALUES(10,'auth','0005_alter_user_last_login_null','2021-10-03 16:09:25.134921');
INSERT INTO django_migrations VALUES(11,'auth','0006_require_contenttypes_0002','2021-10-03 16:09:25.135631');
INSERT INTO django_migrations VALUES(12,'auth','0007_alter_validators_add_error_messages','2021-10-03 16:09:25.139400');
INSERT INTO django_migrations VALUES(13,'auth','0008_alter_user_username_max_length','2021-10-03 16:09:25.145619');
INSERT INTO django_migrations VALUES(14,'auth','0009_alter_user_last_name_max_length','2021-10-03 16:09:25.152336');
INSERT INTO django_migrations VALUES(15,'auth','0010_alter_group_name_max_length','2021-10-03 16:09:25.158412');
INSERT INTO django_migrations VALUES(16,'auth','0011_update_proxy_permissions','2021-10-03 16:09:25.162041');
INSERT INTO django_migrations VALUES(17,'auth','0012_alter_user_first_name_max_length','2021-10-03 16:09:25.169156');
INSERT INTO django_migrations VALUES(18,'games','0001_initial','2021-10-03 16:09:25.179003');
INSERT INTO django_migrations VALUES(19,'sessions','0001_initial','2021-10-03 16:09:25.181086');
INSERT INTO django_migrations VALUES(20,'games','0002_alter_word_image','2021-10-05 15:43:27.916480');
INSERT INTO django_migrations VALUES(21,'games','0003_alter_word_image','2021-10-05 15:45:44.915347');
INSERT INTO django_migrations VALUES(22,'games','0004_alter_word_image','2021-10-05 19:04:43.652579');
INSERT INTO django_migrations VALUES(23,'games','0005_auto_20211010_2209','2021-10-10 22:09:25.317307');
INSERT INTO django_migrations VALUES(24,'games','0006_letterscore','2021-10-16 20:56:04.033279');
INSERT INTO django_migrations VALUES(25,'games','0007_halo','2021-10-18 19:51:29.592507');
INSERT INTO django_migrations VALUES(26,'games','0008_additionscore','2021-10-26 16:56:16.768274');
INSERT INTO django_migrations VALUES(27,'games','0009_multiplicationscore','2021-10-26 19:59:37.853413');
INSERT INTO django_migrations VALUES(28,'games','0010_soustractionscore','2021-10-26 20:54:03.175019');
INSERT INTO django_migrations VALUES(29,'games','0011_additionposeescore','2021-10-27 15:33:40.939655');
INSERT INTO django_migrations VALUES(30,'games','0012_auto_20220124_1723','2022-01-24 16:23:19.529769');
INSERT INTO django_migrations VALUES(31,'games','0013_auto_20220124_1741','2022-01-29 11:03:42.104449');
INSERT INTO django_migrations VALUES(32,'games','0014_wordone','2022-01-29 11:03:42.236368');
INSERT INTO django_migrations VALUES(33,'games','0015_auto_20220125_2024','2022-01-29 11:03:42.342301');
INSERT INTO django_migrations VALUES(34,'games','0016_auto_20220125_2039','2022-01-29 11:03:42.509198');
INSERT INTO django_migrations VALUES(35,'games','0017_auto_20220129_1203','2022-01-29 11:03:42.630125');
INSERT INTO django_migrations VALUES(36,'poll','0001_initial','2022-04-04 18:54:49.923773');
INSERT INTO django_migrations VALUES(37,'poll','0002_question_question_pic','2022-04-04 19:45:10.312961');
INSERT INTO django_migrations VALUES(38,'poll','0003_alter_question_question_pic','2022-04-05 07:08:58.508398');
INSERT INTO django_migrations VALUES(39,'poll','0004_auto_20220405_1302','2022-04-05 13:02:11.560779');
INSERT INTO django_migrations VALUES(40,'poll','0005_alter_question_question','2022-04-06 08:50:25.681033');
INSERT INTO django_migrations VALUES(41,'poll','0006_auto_20220406_1244','2022-04-06 12:45:01.293668');
INSERT INTO django_migrations VALUES(42,'poll','0007_question_randomize','2022-04-06 19:35:15.719309');
INSERT INTO django_migrations VALUES(43,'poll','0008_questionorder','2022-04-07 20:23:10.860343');
INSERT INTO django_migrations VALUES(44,'poll','0009_alter_quiz_published','2022-04-21 21:15:57.667621');
INSERT INTO django_migrations VALUES(45,'poll','0010_auto_20220512_1845','2022-05-12 18:45:33.533900');
INSERT INTO django_migrations VALUES(46,'account','0001_initial','2022-06-13 14:57:02.831437');
INSERT INTO django_migrations VALUES(47,'account','0002_player','2022-06-13 14:57:02.942734');
INSERT INTO django_migrations VALUES(48,'account','0003_player_date','2022-06-13 14:57:03.004014');
INSERT INTO django_migrations VALUES(49,'games','0002_alter_halo_image','2022-06-13 14:57:03.040989');
INSERT INTO django_migrations VALUES(50,'poll','0002_auto_20220524_1516','2022-06-13 14:57:03.139142');
INSERT INTO django_migrations VALUES(51,'poll','0002_alter_quiz_theme','2022-06-13 14:57:03.184061');
INSERT INTO django_migrations VALUES(52,'poll','0003_merge_0002_alter_quiz_theme_0002_auto_20220524_1516','2022-06-13 14:57:03.206345');
CREATE TABLE IF NOT EXISTS `auth_group_permissions` (`id` integer NOT NULL PRIMARY KEY AUTO_INCREMENT, `group_id` integer NOT NULL REFERENCES `auth_group` (`id`) , `permission_id` integer NOT NULL REFERENCES `auth_permission` (`id`) );
CREATE TABLE IF NOT EXISTS `auth_user_groups` (`id` integer NOT NULL PRIMARY KEY AUTO_INCREMENT, `user_id` integer NOT NULL REFERENCES `auth_user` (`id`) , `group_id` integer NOT NULL REFERENCES `auth_group` (`id`) );
INSERT INTO auth_user_groups VALUES(1,1,6);
INSERT INTO auth_user_groups VALUES(5,3,2);
INSERT INTO auth_user_groups VALUES(15,13,2);
INSERT INTO auth_user_groups VALUES(31,29,2);
INSERT INTO auth_user_groups VALUES(33,31,2);
INSERT INTO auth_user_groups VALUES(64,2,4);
INSERT INTO auth_user_groups VALUES(65,62,1);
INSERT INTO auth_user_groups VALUES(67,64,3);
INSERT INTO auth_user_groups VALUES(68,65,3);
INSERT INTO auth_user_groups VALUES(69,66,3);
INSERT INTO auth_user_groups VALUES(70,67,3);
INSERT INTO auth_user_groups VALUES(71,68,3);
INSERT INTO auth_user_groups VALUES(72,69,3);
INSERT INTO auth_user_groups VALUES(73,70,3);
INSERT INTO auth_user_groups VALUES(74,71,3);
INSERT INTO auth_user_groups VALUES(75,72,3);
INSERT INTO auth_user_groups VALUES(76,73,3);
INSERT INTO auth_user_groups VALUES(77,74,3);
INSERT INTO auth_user_groups VALUES(78,75,3);
INSERT INTO auth_user_groups VALUES(79,76,3);
INSERT INTO auth_user_groups VALUES(80,77,3);
INSERT INTO auth_user_groups VALUES(81,78,3);
INSERT INTO auth_user_groups VALUES(82,79,3);
INSERT INTO auth_user_groups VALUES(83,80,3);
INSERT INTO auth_user_groups VALUES(84,81,3);
INSERT INTO auth_user_groups VALUES(85,82,3);
INSERT INTO auth_user_groups VALUES(86,83,3);
INSERT INTO auth_user_groups VALUES(87,84,3);
INSERT INTO auth_user_groups VALUES(88,85,3);
INSERT INTO auth_user_groups VALUES(89,86,3);
INSERT INTO auth_user_groups VALUES(90,87,3);
INSERT INTO auth_user_groups VALUES(91,88,3);
INSERT INTO auth_user_groups VALUES(92,89,3);
INSERT INTO auth_user_groups VALUES(93,90,3);
INSERT INTO auth_user_groups VALUES(94,91,3);
INSERT INTO auth_user_groups VALUES(95,92,3);
INSERT INTO auth_user_groups VALUES(96,93,4);
INSERT INTO auth_user_groups VALUES(97,94,4);
INSERT INTO auth_user_groups VALUES(99,96,4);
INSERT INTO auth_user_groups VALUES(100,97,4);
INSERT INTO auth_user_groups VALUES(101,98,4);
INSERT INTO auth_user_groups VALUES(102,99,4);
INSERT INTO auth_user_groups VALUES(103,100,4);
INSERT INTO auth_user_groups VALUES(104,101,4);
INSERT INTO auth_user_groups VALUES(105,102,4);
INSERT INTO auth_user_groups VALUES(106,103,4);
INSERT INTO auth_user_groups VALUES(107,104,4);
INSERT INTO auth_user_groups VALUES(109,106,4);
INSERT INTO auth_user_groups VALUES(111,108,4);
INSERT INTO auth_user_groups VALUES(112,109,4);
INSERT INTO auth_user_groups VALUES(113,110,4);
INSERT INTO auth_user_groups VALUES(116,113,4);
INSERT INTO auth_user_groups VALUES(117,114,4);
INSERT INTO auth_user_groups VALUES(118,115,4);
INSERT INTO auth_user_groups VALUES(119,116,4);
INSERT INTO auth_user_groups VALUES(120,117,4);
INSERT INTO auth_user_groups VALUES(121,118,4);
INSERT INTO auth_user_groups VALUES(122,119,7);
INSERT INTO auth_user_groups VALUES(123,120,5);
INSERT INTO auth_user_groups VALUES(124,121,5);
INSERT INTO auth_user_groups VALUES(125,122,5);
INSERT INTO auth_user_groups VALUES(127,124,5);
INSERT INTO auth_user_groups VALUES(128,125,5);
INSERT INTO auth_user_groups VALUES(129,126,5);
INSERT INTO auth_user_groups VALUES(130,127,5);
INSERT INTO auth_user_groups VALUES(131,128,5);
INSERT INTO auth_user_groups VALUES(132,129,5);
INSERT INTO auth_user_groups VALUES(133,130,5);
INSERT INTO auth_user_groups VALUES(134,131,5);
INSERT INTO auth_user_groups VALUES(135,132,5);
INSERT INTO auth_user_groups VALUES(136,133,5);
INSERT INTO auth_user_groups VALUES(137,134,5);
INSERT INTO auth_user_groups VALUES(138,135,5);
INSERT INTO auth_user_groups VALUES(139,136,5);
INSERT INTO auth_user_groups VALUES(140,137,5);
INSERT INTO auth_user_groups VALUES(141,138,5);
INSERT INTO auth_user_groups VALUES(142,139,5);
INSERT INTO auth_user_groups VALUES(143,140,5);
INSERT INTO auth_user_groups VALUES(144,141,5);
INSERT INTO auth_user_groups VALUES(145,142,5);
INSERT INTO auth_user_groups VALUES(147,144,5);
INSERT INTO auth_user_groups VALUES(149,146,5);
INSERT INTO auth_user_groups VALUES(150,147,5);
INSERT INTO auth_user_groups VALUES(151,148,5);
INSERT INTO auth_user_groups VALUES(152,149,5);
INSERT INTO auth_user_groups VALUES(153,150,5);
INSERT INTO auth_user_groups VALUES(154,151,7);
INSERT INTO auth_user_groups VALUES(155,105,4);
INSERT INTO auth_user_groups VALUES(156,107,4);
INSERT INTO auth_user_groups VALUES(158,152,1);
INSERT INTO auth_user_groups VALUES(159,153,1);
INSERT INTO auth_user_groups VALUES(160,154,1);
INSERT INTO auth_user_groups VALUES(161,155,1);
INSERT INTO auth_user_groups VALUES(162,156,1);
INSERT INTO auth_user_groups VALUES(163,157,1);
INSERT INTO auth_user_groups VALUES(164,158,1);
INSERT INTO auth_user_groups VALUES(165,159,1);
INSERT INTO auth_user_groups VALUES(166,160,1);
INSERT INTO auth_user_groups VALUES(167,161,1);
INSERT INTO auth_user_groups VALUES(168,162,1);
INSERT INTO auth_user_groups VALUES(169,163,1);
INSERT INTO auth_user_groups VALUES(170,164,1);
INSERT INTO auth_user_groups VALUES(171,165,1);
INSERT INTO auth_user_groups VALUES(172,166,1);
INSERT INTO auth_user_groups VALUES(173,167,1);
INSERT INTO auth_user_groups VALUES(174,168,1);
INSERT INTO auth_user_groups VALUES(175,169,1);
INSERT INTO auth_user_groups VALUES(176,170,1);
INSERT INTO auth_user_groups VALUES(177,171,1);
INSERT INTO auth_user_groups VALUES(178,172,1);
INSERT INTO auth_user_groups VALUES(179,173,1);
INSERT INTO auth_user_groups VALUES(180,174,1);
INSERT INTO auth_user_groups VALUES(181,175,1);
INSERT INTO auth_user_groups VALUES(182,176,1);
INSERT INTO auth_user_groups VALUES(183,177,1);
INSERT INTO auth_user_groups VALUES(184,178,1);
INSERT INTO auth_user_groups VALUES(185,179,2);
INSERT INTO auth_user_groups VALUES(186,180,2);
INSERT INTO auth_user_groups VALUES(187,181,2);
INSERT INTO auth_user_groups VALUES(188,182,2);
INSERT INTO auth_user_groups VALUES(189,183,2);
INSERT INTO auth_user_groups VALUES(190,184,2);
INSERT INTO auth_user_groups VALUES(191,185,2);
INSERT INTO auth_user_groups VALUES(192,186,2);
INSERT INTO auth_user_groups VALUES(193,187,2);
INSERT INTO auth_user_groups VALUES(194,188,2);
INSERT INTO auth_user_groups VALUES(195,189,2);
INSERT INTO auth_user_groups VALUES(196,190,2);
INSERT INTO auth_user_groups VALUES(197,191,2);
INSERT INTO auth_user_groups VALUES(198,192,2);
INSERT INTO auth_user_groups VALUES(199,193,2);
INSERT INTO auth_user_groups VALUES(200,194,2);
INSERT INTO auth_user_groups VALUES(201,195,2);
INSERT INTO auth_user_groups VALUES(202,196,2);
INSERT INTO auth_user_groups VALUES(203,197,2);
INSERT INTO auth_user_groups VALUES(204,198,2);
INSERT INTO auth_user_groups VALUES(205,199,2);
INSERT INTO auth_user_groups VALUES(206,200,2);
INSERT INTO auth_user_groups VALUES(207,201,2);
INSERT INTO auth_user_groups VALUES(208,202,2);
INSERT INTO auth_user_groups VALUES(209,203,2);
INSERT INTO auth_user_groups VALUES(210,204,1);
INSERT INTO auth_user_groups VALUES(211,205,3);
INSERT INTO auth_user_groups VALUES(212,206,4);
INSERT INTO auth_user_groups VALUES(213,207,4);
INSERT INTO auth_user_groups VALUES(214,208,4);
INSERT INTO auth_user_groups VALUES(215,209,4);
INSERT INTO auth_user_groups VALUES(216,210,4);
INSERT INTO auth_user_groups VALUES(217,211,5);
INSERT INTO auth_user_groups VALUES(218,212,5);
INSERT INTO auth_user_groups VALUES(219,4,6);
CREATE TABLE IF NOT EXISTS `auth_user_user_permissions` (`id` integer NOT NULL PRIMARY KEY AUTO_INCREMENT, `user_id` integer NOT NULL REFERENCES `auth_user` (`id`) , `permission_id` integer NOT NULL REFERENCES `auth_permission` (`id`) );
CREATE TABLE IF NOT EXISTS `django_admin_log` (`id` integer NOT NULL PRIMARY KEY AUTO_INCREMENT, `action_time` datetime NOT NULL, `object_id` text NULL, `object_repr` varchar(200) NOT NULL, `change_message` text NOT NULL, `content_type_id` integer NULL REFERENCES `django_content_type` (`id`) , `user_id` integer NOT NULL REFERENCES `auth_user` (`id`) , `action_flag` smallint unsigned NOT NULL CHECK (`action_flag` >= 0));
INSERT INTO django_admin_log VALUES(1,'2021-10-03 16:10:10.442321','1','CP','[{`added`: {}}]',3,1,1);
INSERT INTO django_admin_log VALUES(2,'2021-10-03 16:10:13.557342','2','CE1','[{`added`: {}}]',3,1,1);
INSERT INTO django_admin_log VALUES(3,'2021-10-03 16:10:16.614840','3','CE2','[{`added`: {}}]',3,1,1);
INSERT INTO django_admin_log VALUES(4,'2021-10-03 16:10:18.715212','4','CM1','[{`added`: {}}]',3,1,1);
INSERT INTO django_admin_log VALUES(5,'2021-10-03 16:10:20.623462','5','CM2','[{`added`: {}}]',3,1,1);
INSERT INTO django_admin_log VALUES(6,'2021-10-03 16:10:22.871509','6','ADMIN','[{`added`: {}}]',3,1,1);
INSERT INTO django_admin_log VALUES(7,'2021-10-03 16:10:25.479005','7','ENSEIGNANT','[{`added`: {}}]',3,1,1);
INSERT INTO django_admin_log VALUES(8,'2021-10-03 16:10:27.229864','8','ELEVE','[{`added`: {}}]',3,1,1);
INSERT INTO django_admin_log VALUES(9,'2021-10-03 16:11:17.284909','1','cyril.henry','[{`changed`: {`fields`: [`First name`, `Last name`, `Groups`]}}]',4,1,2);
INSERT INTO django_admin_log VALUES(10,'2021-10-03 16:13:33.390549','1','arbre','',7,1,3);
INSERT INTO django_admin_log VALUES(11,'2021-10-03 16:38:42.633832','5','Moto','',7,1,3);
INSERT INTO django_admin_log VALUES(12,'2021-10-03 18:37:27.902229','8','Moto','',7,1,3);
INSERT INTO django_admin_log VALUES(13,'2021-10-03 18:38:27.116747','6','Prise','',7,1,3);
INSERT INTO django_admin_log VALUES(14,'2021-10-03 18:42:33.251774','9','Moto','',7,1,3);
INSERT INTO django_admin_log VALUES(15,'2021-10-03 19:07:17.649314','10','Moto','[{`changed`: {`fields`: [`Image`]}}]',7,1,2);
INSERT INTO django_admin_log VALUES(16,'2021-10-04 20:52:10.197639','10','Moto2','',7,1,3);
INSERT INTO django_admin_log VALUES(17,'2021-10-05 15:19:51.506572','12','moto2','',7,1,3);
INSERT INTO django_admin_log VALUES(18,'2021-10-05 15:21:49.267888','13','moto2','',7,1,3);
INSERT INTO django_admin_log VALUES(19,'2021-10-05 15:24:25.938969','14','moto2','',7,1,3);
INSERT INTO django_admin_log VALUES(20,'2021-10-05 15:33:45.466305','15','moto2','[{`changed`: {`fields`: [`Image`]}}]',7,1,2);
INSERT INTO django_admin_log VALUES(21,'2021-10-05 15:46:07.599083','15','moto2','[{`changed`: {`fields`: [`Image`]}}]',7,1,2);
INSERT INTO django_admin_log VALUES(22,'2021-10-05 15:46:18.335857','15','moto2','[{`changed`: {`fields`: [`Image`]}}]',7,1,2);
INSERT INTO django_admin_log VALUES(23,'2021-10-05 18:56:12.773883','15','moto2','',7,1,3);
INSERT INTO django_admin_log VALUES(24,'2021-10-05 19:21:56.905386','12','moto2','',7,1,3);
INSERT INTO django_admin_log VALUES(25,'2021-10-05 20:15:37.585980','13','moto2','',7,1,3);
INSERT INTO django_admin_log VALUES(26,'2021-10-05 20:23:55.990576','14','moto2','',7,1,3);
INSERT INTO django_admin_log VALUES(27,'2021-10-05 20:25:21.640736','15','moto3','',7,1,3);
INSERT INTO django_admin_log VALUES(28,'2021-10-05 20:36:33.558863','17','clou','',7,1,3);
INSERT INTO django_admin_log VALUES(29,'2021-10-05 20:47:59.233547','18','clou2','',7,1,3);
INSERT INTO django_admin_log VALUES(30,'2021-10-05 20:51:03.527949','19','clou2','',7,1,3);
INSERT INTO django_admin_log VALUES(31,'2021-10-05 20:59:08.048485','20','clou2','',7,1,3);
INSERT INTO django_admin_log VALUES(32,'2021-10-05 21:01:06.694878','21','clou2','',7,1,3);
INSERT INTO django_admin_log VALUES(33,'2021-10-05 21:02:19.802068','22','clou2','',7,1,3);
INSERT INTO django_admin_log VALUES(34,'2021-10-06 07:01:43.091338','23','clou2','[{`changed`: {`fields`: [`Image`]}}]',7,1,2);
INSERT INTO django_admin_log VALUES(35,'2021-10-06 07:05:43.448327','23','clou','[{`changed`: {`fields`: [`Image`]}}]',7,1,2);
INSERT INTO django_admin_log VALUES(36,'2021-10-06 19:12:31.499891','23','clou2','',7,1,3);
INSERT INTO django_admin_log VALUES(37,'2021-10-06 19:56:07.425061','24','clou2','',7,1,3);
INSERT INTO django_admin_log VALUES(38,'2021-10-06 19:58:28.811849','25','clou2','',7,1,3);
INSERT INTO django_admin_log VALUES(39,'2021-10-06 20:01:36.018348','26','clou','',7,1,3);
INSERT INTO django_admin_log VALUES(40,'2021-10-06 20:05:04.513917','27','clou2','',7,1,3);
INSERT INTO django_admin_log VALUES(41,'2021-10-06 20:27:12.692940','28','clou3','',7,1,3);
INSERT INTO django_admin_log VALUES(42,'2021-10-07 19:07:43.754200','29','clou2','',7,1,3);
INSERT INTO django_admin_log VALUES(43,'2021-10-07 20:18:41.578206','30','clou2','',7,1,3);
INSERT INTO django_admin_log VALUES(44,'2021-10-08 10:14:54.618435','31','Clou','',7,1,3);
INSERT INTO django_admin_log VALUES(45,'2021-10-08 10:20:36.649225','32','Clou','',7,1,3);
INSERT INTO django_admin_log VALUES(46,'2021-10-08 10:27:22.837292','33','Clou','',7,1,3);
INSERT INTO django_admin_log VALUES(47,'2021-10-08 10:32:10.474009','34','Clou','',7,1,3);
INSERT INTO django_admin_log VALUES(48,'2021-10-08 10:33:09.792301','35','Clou','',7,1,3);
INSERT INTO django_admin_log VALUES(49,'2021-10-08 10:34:10.630330','36','Clou','',7,1,3);
INSERT INTO django_admin_log VALUES(50,'2021-10-08 10:35:49.348702','37','Clou','',7,1,3);
INSERT INTO django_admin_log VALUES(51,'2021-10-08 10:45:53.514704','38','clou2','',7,1,3);
INSERT INTO django_admin_log VALUES(52,'2021-10-08 10:57:30.993807','39','Clou','[{`changed`: {`fields`: [`Name`]}}]',7,1,2);
INSERT INTO django_admin_log VALUES(53,'2021-10-08 11:02:53.518598','39','Clou','',7,1,3);
INSERT INTO django_admin_log VALUES(54,'2021-10-08 11:07:34.580791','40','Clou','',7,1,3);
INSERT INTO django_admin_log VALUES(55,'2021-10-08 11:09:04.058971','41','Clou2','',7,1,3);
INSERT INTO django_admin_log VALUES(56,'2021-10-10 22:03:47.727969','1','Arbre','',8,1,3);
INSERT INTO django_admin_log VALUES(57,'2021-10-10 22:09:13.581764','2','Arbre','',8,1,3);
INSERT INTO django_admin_log VALUES(58,'2021-10-11 15:38:29.795536','2','alix.henry','[{`added`: {}}]',4,1,1);
INSERT INTO django_admin_log VALUES(59,'2021-10-11 15:38:53.736661','2','alix.henry','[{`changed`: {`fields`: [`First name`, `Last name`, `Email address`, `Groups`]}}]',4,1,2);
INSERT INTO django_admin_log VALUES(60,'2021-10-11 15:39:47.094491','2','alix.henry','[{`changed`: {`fields`: [`Groups`]}}]',4,1,2);
INSERT INTO django_admin_log VALUES(61,'2021-10-11 20:13:53.123746','2','alix.henry','[{`changed`: {`fields`: [`Groups`]}}]',4,1,2);
INSERT INTO django_admin_log VALUES(62,'2021-10-19 20:12:39.376397','11','Halo object (11)','',10,1,3);
INSERT INTO django_admin_log VALUES(63,'2021-10-19 20:12:39.380320','10','Halo object (10)','',10,1,3);
INSERT INTO django_admin_log VALUES(64,'2021-10-19 20:16:50.475936','12','Halo object (12)','',10,1,3);
INSERT INTO django_admin_log VALUES(65,'2021-10-19 21:06:40.499891','13','Halo object (13)','',10,1,3);
INSERT INTO django_admin_log VALUES(66,'2021-10-19 21:08:15.621104','14','Halo object (14)','',10,1,3);
INSERT INTO django_admin_log VALUES(67,'2021-10-19 21:27:21.454320','16','Halo object (16)','',10,1,3);
INSERT INTO django_admin_log VALUES(68,'2021-10-19 21:27:21.460629','15','Halo object (15)','',10,1,3);
INSERT INTO django_admin_log VALUES(69,'2021-10-19 21:31:58.589202','17','Halo object (17)','',10,1,3);
INSERT INTO django_admin_log VALUES(70,'2021-10-19 21:35:32.640314','18','Halo object (18)','',10,1,3);
INSERT INTO django_admin_log VALUES(71,'2021-10-19 21:38:35.094123','19','Halo object (19)','',10,1,3);
INSERT INTO django_admin_log VALUES(72,'2021-10-19 21:39:43.144832','20','Halo object (20)','',10,1,3);
INSERT INTO django_admin_log VALUES(73,'2021-10-19 21:40:25.957252','21','Halo object (21)','',10,1,3);
INSERT INTO django_admin_log VALUES(74,'2021-10-19 21:41:00.937672','22','Halo object (22)','',10,1,3);
INSERT INTO django_admin_log VALUES(75,'2021-10-19 21:49:27.666454','23','Halo object (23)','',10,1,3);
INSERT INTO django_admin_log VALUES(76,'2021-10-20 17:27:48.283755','25','Halo object (25)','',10,1,3);
INSERT INTO django_admin_log VALUES(77,'2021-10-20 17:27:48.289588','24','Halo object (24)','',10,1,3);
INSERT INTO django_admin_log VALUES(78,'2021-10-20 20:01:08.637483','27','Halo object (27)','',10,1,3);
INSERT INTO django_admin_log VALUES(79,'2021-10-20 20:01:08.643105','26','Halo object (26)','',10,1,3);
INSERT INTO django_admin_log VALUES(80,'2021-10-20 20:02:13.085866','28','Halo object (28)','',10,1,3);
INSERT INTO django_admin_log VALUES(81,'2021-10-31 10:09:57.231473','5','LetterScore object (5)','[{`changed`: {`fields`: [`Score`]}}]',9,1,2);
INSERT INTO django_admin_log VALUES(82,'2022-01-22 20:28:43.476333','33','adrien.spinosi-pang','[{`added`: {}}]',4,1,1);
INSERT INTO django_admin_log VALUES(83,'2022-01-22 20:29:47.302471','34','anael.douty','[{`added`: {}}]',4,1,1);
INSERT INTO django_admin_log VALUES(84,'2022-01-22 20:30:23.610953','35','anais.berniere','[{`added`: {}}]',4,1,1);
INSERT INTO django_admin_log VALUES(85,'2022-01-22 20:31:13.276067','36','andreas.dubois','[{`added`: {}}]',4,1,1);
INSERT INTO django_admin_log VALUES(86,'2022-01-22 20:31:53.715024','37','angele.bouc','[{`added`: {}}]',4,1,1);
INSERT INTO django_admin_log VALUES(87,'2022-01-22 20:33:01.576965','38','charlyne.miche','[{`added`: {}}]',4,1,1);
INSERT INTO django_admin_log VALUES(88,'2022-01-22 20:33:26.749023','39','chloe.judith','[{`added`: {}}]',4,1,1);
INSERT INTO django_admin_log VALUES(89,'2022-01-22 20:33:50.138269','40','chloe.royer','[{`added`: {}}]',4,1,1);
INSERT INTO django_admin_log VALUES(90,'2022-01-22 20:34:34.376820','41','david.ferrier','[{`added`: {}}]',4,1,1);
INSERT INTO django_admin_log VALUES(91,'2022-01-22 20:35:04.877923','42','elora.ortolan@endtg.com','[{`added`: {}}]',4,1,1);
INSERT INTO django_admin_log VALUES(92,'2022-01-22 20:35:45.223839','43','florian.valton','[{`added`: {}}]',4,1,1);
INSERT INTO django_admin_log VALUES(93,'2022-01-22 20:37:10.064335','44','gabriel.chaddad','[{`added`: {}}]',4,1,1);
INSERT INTO django_admin_log VALUES(94,'2022-01-22 20:37:49.731449','45','gabriel.le-lain','[{`added`: {}}]',4,1,1);
INSERT INTO django_admin_log VALUES(95,'2022-01-22 20:38:31.193670','46','ines.lahboub','[{`added`: {}}]',4,1,1);
INSERT INTO django_admin_log VALUES(96,'2022-01-22 20:40:08.872105','47','jonelle.courjol','[{`added`: {}}]',4,1,1);
INSERT INTO django_admin_log VALUES(97,'2022-01-22 20:41:00.356552','48','lea.samara','[{`added`: {}}]',4,1,1);
INSERT INTO django_admin_log VALUES(98,'2022-01-22 20:41:29.530204','49','loic.imaque','[{`added`: {}}]',4,1,1);
INSERT INTO django_admin_log VALUES(99,'2022-01-22 20:41:57.938581','50','louis.liger-hulin','[{`added`: {}}]',4,1,1);
INSERT INTO django_admin_log VALUES(100,'2022-01-22 20:42:19.408050','51','leo.luon','[{`added`: {}}]',4,1,1);
INSERT INTO django_admin_log VALUES(101,'2022-01-22 20:43:04.016149','52','mael.levy-portail','[{`added`: {}}]',4,1,1);
INSERT INTO django_admin_log VALUES(102,'2022-01-22 20:43:29.027937','53','maelane.vonin','[{`added`: {}}]',4,1,1);
INSERT INTO django_admin_log VALUES(103,'2022-01-22 20:44:54.723926','54','renzo.deng','[{`added`: {}}]',4,1,1);
INSERT INTO django_admin_log VALUES(104,'2022-01-22 20:45:32.876542','55','sofia.druez','[{`added`: {}}]',4,1,1);
INSERT INTO django_admin_log VALUES(105,'2022-01-22 20:45:52.857576','56','sophia.saimi','[{`added`: {}}]',4,1,1);
INSERT INTO django_admin_log VALUES(106,'2022-01-22 20:46:22.270260','57','swann.pedurand','[{`added`: {}}]',4,1,1);
INSERT INTO django_admin_log VALUES(107,'2022-01-22 20:46:46.602593','58','valentin.de-rubia-bouvier','[{`added`: {}}]',4,1,1);
INSERT INTO django_admin_log VALUES(108,'2022-01-22 20:47:11.347075','59','victoria-lou.pauvit','[{`added`: {}}]',4,1,1);
INSERT INTO django_admin_log VALUES(109,'2022-01-22 20:47:48.345075','60','vladimir.bezditnyy-ldukhin','[{`added`: {}}]',4,1,1);
INSERT INTO django_admin_log VALUES(110,'2022-01-22 20:48:19.363732','61','xiang-yin.deng','[{`added`: {}}]',4,1,1);
INSERT INTO django_admin_log VALUES(111,'2022-01-22 20:48:50.477884','38','charlyne.miche','[{`changed`: {`fields`: [`Groups`]}}]',4,1,2);
INSERT INTO django_admin_log VALUES(112,'2022-01-22 20:49:11.402827','37','angele.bouc','[{`changed`: {`fields`: [`Groups`]}}]',4,1,2);
INSERT INTO django_admin_log VALUES(113,'2022-01-22 20:49:45.472197','2','alix.henry','[{`changed`: {`fields`: [`Groups`]}}]',4,1,2);
INSERT INTO django_admin_log VALUES(114,'2022-01-22 20:52:09.702102','58','valentin.de-rubia-bouvier','[]',4,1,2);
INSERT INTO django_admin_log VALUES(115,'2022-01-22 21:05:05.563848','58','valentin.de-rubia-bouvier','',4,1,3);
INSERT INTO django_admin_log VALUES(116,'2022-01-22 21:07:54.503840','51','leo.luon','',4,1,3);
INSERT INTO django_admin_log VALUES(117,'2022-01-22 21:13:27.911083','61','xiang-yin.deng','',4,1,3);
INSERT INTO django_admin_log VALUES(118,'2022-01-22 21:13:27.957536','60','vladimir.bezditnyy-ldukhin','',4,1,3);
INSERT INTO django_admin_log VALUES(119,'2022-01-22 21:13:28.003907','59','victoria-lou.pauvit','',4,1,3);
INSERT INTO django_admin_log VALUES(120,'2022-01-22 21:13:28.050655','57','swann.pedurand','',4,1,3);
INSERT INTO django_admin_log VALUES(121,'2022-01-22 21:13:28.097947','56','sophia.saimi','',4,1,3);
INSERT INTO django_admin_log VALUES(122,'2022-01-22 21:13:28.144602','55','sofia.druez','',4,1,3);
INSERT INTO django_admin_log VALUES(123,'2022-01-22 21:13:28.192298','54','renzo.deng','',4,1,3);
INSERT INTO django_admin_log VALUES(124,'2022-01-22 21:13:28.237867','53','maelane.vonin','',4,1,3);
INSERT INTO django_admin_log VALUES(125,'2022-01-22 21:13:28.284150','52','mael.levy-portail','',4,1,3);
INSERT INTO django_admin_log VALUES(126,'2022-01-22 21:13:28.331691','50','louis.liger-hulin','',4,1,3);
INSERT INTO django_admin_log VALUES(127,'2022-01-22 21:13:28.395366','49','loic.imaque','',4,1,3);
INSERT INTO django_admin_log VALUES(128,'2022-01-22 21:13:28.443147','48','lea.samara','',4,1,3);
INSERT INTO django_admin_log VALUES(129,'2022-01-22 21:13:28.488193','47','jonelle.courjol','',4,1,3);
INSERT INTO django_admin_log VALUES(130,'2022-01-22 21:13:28.533876','46','ines.lahboub','',4,1,3);
INSERT INTO django_admin_log VALUES(131,'2022-01-22 21:13:28.582359','45','gabriel.le-lain','',4,1,3);
INSERT INTO django_admin_log VALUES(132,'2022-01-22 21:13:28.627756','44','gabriel.chaddad','',4,1,3);
INSERT INTO django_admin_log VALUES(133,'2022-01-22 21:13:28.667092','43','florian.valton','',4,1,3);
INSERT INTO django_admin_log VALUES(134,'2022-01-22 21:13:28.713633','42','elora.ortolan@endtg.com','',4,1,3);
INSERT INTO django_admin_log VALUES(135,'2022-01-22 21:13:28.762412','41','david.ferrier','',4,1,3);
INSERT INTO django_admin_log VALUES(136,'2022-01-22 21:13:28.809217','40','chloe.royer','',4,1,3);
INSERT INTO django_admin_log VALUES(137,'2022-01-22 21:13:28.856179','39','chloe.judith','',4,1,3);
INSERT INTO django_admin_log VALUES(138,'2022-01-22 21:13:28.903321','38','charlyne.miche','',4,1,3);
INSERT INTO django_admin_log VALUES(139,'2022-01-22 21:13:28.949798','37','angele.bouc','',4,1,3);
INSERT INTO django_admin_log VALUES(140,'2022-01-22 21:13:28.995720','36','andreas.dubois','',4,1,3);
INSERT INTO django_admin_log VALUES(141,'2022-01-22 21:13:29.059535','35','anais.berniere','',4,1,3);
INSERT INTO django_admin_log VALUES(142,'2022-01-22 21:13:29.123103','34','anael.douty','',4,1,3);
INSERT INTO django_admin_log VALUES(143,'2022-01-22 21:13:29.170561','33','adrien.spinosi-pang','',4,1,3);
INSERT INTO django_admin_log VALUES(144,'2022-01-24 13:39:36.701523','111','karell.pauvit','',4,1,3);
INSERT INTO django_admin_log VALUES(145,'2022-01-24 14:27:18.193691','132','pauline.lefevre','[{`changed`: {`fields`: [`Username`, `First name`, `Last name`]}}]',4,1,2);
INSERT INTO django_admin_log VALUES(146,'2022-01-24 14:35:00.823538','132','pauline.lefevre','[{`changed`: {`fields`: [`Last name`]}}]',4,1,2);
INSERT INTO django_admin_log VALUES(147,'2022-01-24 15:42:24.614083','105','leon.xi','[{`changed`: {`fields`: [`Groups`]}}]',4,1,2);
INSERT INTO django_admin_log VALUES(148,'2022-01-24 15:42:33.088870','107','constantin.plouhinec','[{`changed`: {`fields`: [`Groups`]}}]',4,1,2);
INSERT INTO django_admin_log VALUES(149,'2022-01-24 15:44:50.049685','4','natan.henry','[{`changed`: {`fields`: [`Groups`]}}]',4,1,2);
INSERT INTO django_admin_log VALUES(150,'2022-01-29 18:40:35.227943','189','Epaule','[{`changed`: {`fields`: [`Name`]}}]',16,1,2);
INSERT INTO django_admin_log VALUES(151,'2022-01-29 18:40:42.076728','188','Echelle','[{`changed`: {`fields`: [`Name`]}}]',16,1,2);
INSERT INTO django_admin_log VALUES(152,'2022-01-31 08:10:34.962754','14','roxanne.dugue','',4,1,3);
INSERT INTO django_admin_log VALUES(153,'2022-01-31 08:10:48.684240','18','emile.girbal','',4,1,3);
INSERT INTO django_admin_log VALUES(154,'2022-01-31 08:10:56.638333','17','camille.girbal','',4,1,3);
INSERT INTO django_admin_log VALUES(155,'2022-01-31 08:11:54.153652','12','adrien.coulont','',4,1,3);
INSERT INTO django_admin_log VALUES(156,'2022-01-31 08:11:54.194627','6','alain.akpolat','',4,1,3);
INSERT INTO django_admin_log VALUES(157,'2022-01-31 08:11:54.231603','8','arthur.blier','',4,1,3);
INSERT INTO django_admin_log VALUES(158,'2022-01-31 08:11:54.301560','16','baptiste.girbal','',4,1,3);
INSERT INTO django_admin_log VALUES(159,'2022-01-31 08:11:54.340538','9','clemence.bonnafoux','',4,1,3);
INSERT INTO django_admin_log VALUES(160,'2022-01-31 08:11:54.377516','11','ferdinand.chouteau','',4,1,3);
INSERT INTO django_admin_log VALUES(161,'2022-01-31 08:11:54.414492','15','lara.fernandes-anton','',4,1,3);
INSERT INTO django_admin_log VALUES(162,'2022-01-31 08:11:54.452466','5','marco.abouzedi','',4,1,3);
INSERT INTO django_admin_log VALUES(163,'2022-01-31 08:11:54.514428','10','martin.chatelet','',4,1,3);
INSERT INTO django_admin_log VALUES(164,'2022-01-31 08:11:54.560401','7','rose.barthelet','',4,1,3);
INSERT INTO django_admin_log VALUES(165,'2022-01-31 08:39:56.661752','25','alice.patte','',4,1,3);
INSERT INTO django_admin_log VALUES(166,'2022-01-31 08:39:56.713720','30','alicia.valton','',4,1,3);
INSERT INTO django_admin_log VALUES(167,'2022-01-31 08:39:56.758692','19','anatole.greco-marechal','',4,1,3);
INSERT INTO django_admin_log VALUES(168,'2022-01-31 08:39:56.805663','27','hadrien.tailliez','',4,1,3);
INSERT INTO django_admin_log VALUES(169,'2022-01-31 08:39:56.850635','24','hanae.ogoula-monnier','',4,1,3);
INSERT INTO django_admin_log VALUES(170,'2022-01-31 08:39:56.895607','20','iles.grim','',4,1,3);
INSERT INTO django_admin_log VALUES(171,'2022-01-31 08:39:56.940579','21','jack.gu','',4,1,3);
INSERT INTO django_admin_log VALUES(172,'2022-01-31 08:39:57.004538','23','rose.loubli','',4,1,3);
INSERT INTO django_admin_log VALUES(173,'2022-01-31 08:39:57.049513','32','sarah.zabulon','',4,1,3);
INSERT INTO django_admin_log VALUES(174,'2022-01-31 08:39:57.095482','22','shanez.kaci-mohamed','',4,1,3);
INSERT INTO django_admin_log VALUES(175,'2022-01-31 08:39:57.158443','28','solal.tranchand','',4,1,3);
INSERT INTO django_admin_log VALUES(176,'2022-01-31 08:39:57.232399','26','victor.soubeille','',4,1,3);
INSERT INTO django_admin_log VALUES(177,'2022-01-31 09:40:50.738740','63','leo.luong','',4,1,3);
INSERT INTO django_admin_log VALUES(178,'2022-01-31 12:49:02.128530','95','sofia.bezditna-ladukhina','',4,1,3);
INSERT INTO django_admin_log VALUES(179,'2022-01-31 13:30:39.075231','112','dany.samara','',4,1,3);
INSERT INTO django_admin_log VALUES(180,'2022-01-31 14:12:04.356680','123','clara.cavanna','',4,1,3);
INSERT INTO django_admin_log VALUES(181,'2022-01-31 14:52:29.522429','145','oceane.bonnafoux','',4,1,3);
INSERT INTO django_admin_log VALUES(182,'2022-02-07 09:29:06.169575','155','andreas.dubois','[{`changed`: {`fields`: [`Username`, `First name`]}}]',4,1,2);
INSERT INTO django_admin_log VALUES(183,'2022-02-09 20:47:30.890419','4','natan.henry','[{`changed`: {`fields`: [`Groups`]}}]',4,1,2);
INSERT INTO django_admin_log VALUES(184,'2022-04-05 07:09:13.990290','4','TEst 4','',19,1,3);
INSERT INTO django_admin_log VALUES(185,'2022-04-05 07:09:13.995413','3','Test 2','',19,1,3);
INSERT INTO django_admin_log VALUES(186,'2022-04-05 07:09:13.996917','2','Test','',19,1,3);
INSERT INTO django_admin_log VALUES(187,'2022-04-05 07:09:13.998270','1','Test','',19,1,3);
INSERT INTO django_admin_log VALUES(188,'2022-04-05 11:19:13.296940','7','Yo','',19,1,3);
INSERT INTO django_admin_log VALUES(189,'2022-04-05 11:19:13.302184','6','Coco','',19,1,3);
INSERT INTO django_admin_log VALUES(190,'2022-04-05 11:19:13.304359','5','Test 1','',19,1,3);
INSERT INTO django_admin_log VALUES(191,'2022-04-06 13:28:27.410577','10','Test','',19,1,3);
INSERT INTO django_admin_log VALUES(192,'2022-04-06 13:28:27.417050','9','ezaezae','',19,1,3);
INSERT INTO django_admin_log VALUES(193,'2022-04-06 13:28:27.418753','8','Yo','',19,1,3);
INSERT INTO django_admin_log VALUES(194,'2022-04-06 19:23:08.172726','6','Rep B','',18,1,3);
INSERT INTO django_admin_log VALUES(195,'2022-04-06 19:23:08.179405','5','Rep A','',18,1,3);
INSERT INTO django_admin_log VALUES(196,'2022-04-06 19:23:08.181077','4','Rep B','',18,1,3);
INSERT INTO django_admin_log VALUES(197,'2022-04-06 19:23:08.182495','3','Rep A','',18,1,3);
INSERT INTO django_admin_log VALUES(198,'2022-04-06 19:23:08.183928','2','Reponse B','',18,1,3);
INSERT INTO django_admin_log VALUES(199,'2022-04-06 19:23:08.185194','1','Reponse A','',18,1,3);
INSERT INTO django_admin_log VALUES(200,'2022-04-06 19:25:27.656427','9','Rep C','',18,1,3);
INSERT INTO django_admin_log VALUES(201,'2022-04-06 19:25:27.659351','8','Rep B','',18,1,3);
INSERT INTO django_admin_log VALUES(202,'2022-04-06 19:25:27.661285','7','Rep A','',18,1,3);
INSERT INTO django_admin_log VALUES(203,'2022-05-23 20:37:51.473280','29','UserResponse object (29)','',22,1,3);
INSERT INTO django_admin_log VALUES(204,'2022-05-23 20:37:51.479848','30','UserResponse object (30)','',22,1,3);
INSERT INTO django_admin_log VALUES(205,'2022-05-23 20:37:51.481533','31','UserResponse object (31)','',22,1,3);
INSERT INTO django_admin_log VALUES(206,'2022-05-23 20:37:51.482873','32','UserResponse object (32)','',22,1,3);
INSERT INTO django_admin_log VALUES(207,'2022-05-24 12:58:13.086350','15','QuizInstance object (15)','',17,1,3);
INSERT INTO django_admin_log VALUES(208,'2022-05-24 13:11:25.843672','36','UserResponse object (36)','[{`changed`: {`fields`: [`Response`]}}]',22,1,2);
INSERT INTO django_admin_log VALUES(209,'2022-05-24 13:12:17.256690','16','QuizInstance object (16)','[{`changed`: {`fields`: [`Score`]}}]',17,1,2);
INSERT INTO django_admin_log VALUES(210,'2022-05-24 13:12:49.483739','16','QuizInstance object (16)','',17,1,3);
INSERT INTO django_admin_log VALUES(211,'2022-05-24 13:15:24.992524','17','QuizInstance object (17)','',17,1,3);
INSERT INTO django_admin_log VALUES(212,'2022-05-24 13:38:31.438128','18','QuizInstance object (18)','',17,1,3);
INSERT INTO django_admin_log VALUES(213,'2022-07-04 16:28:14.871767','124','enzo.dos-reis','[{`changed`: {`fields`: [`Username`, `First name`]}}]',4,1,2);
INSERT INTO django_admin_log VALUES(214,'2022-07-04 16:28:46.347414','132','pauline.lefevre','[{`changed`: {`fields`: [`Email address`]}}]',4,1,2);
INSERT INTO django_admin_log VALUES(215,'2022-07-04 16:29:55.559494','143','alesandro.ortolan','',4,1,3);
CREATE TABLE IF NOT EXISTS `django_content_type` (`id` integer NOT NULL PRIMARY KEY AUTO_INCREMENT, `app_label` varchar(100) NOT NULL, `model` varchar(100) NOT NULL);
INSERT INTO django_content_type VALUES(1,'admin','logentry');
INSERT INTO django_content_type VALUES(2,'auth','permission');
INSERT INTO django_content_type VALUES(3,'auth','group');
INSERT INTO django_content_type VALUES(4,'auth','user');
INSERT INTO django_content_type VALUES(5,'contenttypes','contenttype');
INSERT INTO django_content_type VALUES(6,'sessions','session');
INSERT INTO django_content_type VALUES(7,'games','word');
INSERT INTO django_content_type VALUES(8,'games','wordfind');
INSERT INTO django_content_type VALUES(9,'games','letterscore');
INSERT INTO django_content_type VALUES(10,'games','halo');
INSERT INTO django_content_type VALUES(11,'games','additionscore');
INSERT INTO django_content_type VALUES(12,'games','multiplicationscore');
INSERT INTO django_content_type VALUES(13,'games','soustractionscore');
INSERT INTO django_content_type VALUES(14,'games','additionposeescore');
INSERT INTO django_content_type VALUES(15,'games','wordscore');
INSERT INTO django_content_type VALUES(16,'games','wordone');
INSERT INTO django_content_type VALUES(17,'poll','quizinstance');
INSERT INTO django_content_type VALUES(18,'poll','answer');
INSERT INTO django_content_type VALUES(19,'poll','question');
INSERT INTO django_content_type VALUES(20,'poll','quiz');
INSERT INTO django_content_type VALUES(21,'poll','theme');
INSERT INTO django_content_type VALUES(22,'poll','userresponse');
INSERT INTO django_content_type VALUES(23,'poll','questionorder');
INSERT INTO django_content_type VALUES(24,'account','tokenlogin');
INSERT INTO django_content_type VALUES(25,'account','player');
CREATE TABLE IF NOT EXISTS `auth_permission` (`id` integer NOT NULL PRIMARY KEY AUTO_INCREMENT, `content_type_id` integer NOT NULL REFERENCES `django_content_type` (`id`) , `codename` varchar(100) NOT NULL, `name` varchar(255) NOT NULL);
INSERT INTO auth_permission VALUES(1,1,'add_logentry','Can add log entry');
INSERT INTO auth_permission VALUES(2,1,'change_logentry','Can change log entry');
INSERT INTO auth_permission VALUES(3,1,'delete_logentry','Can delete log entry');
INSERT INTO auth_permission VALUES(4,1,'view_logentry','Can view log entry');
INSERT INTO auth_permission VALUES(5,2,'add_permission','Can add permission');
INSERT INTO auth_permission VALUES(6,2,'change_permission','Can change permission');
INSERT INTO auth_permission VALUES(7,2,'delete_permission','Can delete permission');
INSERT INTO auth_permission VALUES(8,2,'view_permission','Can view permission');
INSERT INTO auth_permission VALUES(9,3,'add_group','Can add group');
INSERT INTO auth_permission VALUES(10,3,'change_group','Can change group');
INSERT INTO auth_permission VALUES(11,3,'delete_group','Can delete group');
INSERT INTO auth_permission VALUES(12,3,'view_group','Can view group');
INSERT INTO auth_permission VALUES(13,4,'add_user','Can add user');
INSERT INTO auth_permission VALUES(14,4,'change_user','Can change user');
INSERT INTO auth_permission VALUES(15,4,'delete_user','Can delete user');
INSERT INTO auth_permission VALUES(16,4,'view_user','Can view user');
INSERT INTO auth_permission VALUES(17,5,'add_contenttype','Can add content type');
INSERT INTO auth_permission VALUES(18,5,'change_contenttype','Can change content type');
INSERT INTO auth_permission VALUES(19,5,'delete_contenttype','Can delete content type');
INSERT INTO auth_permission VALUES(20,5,'view_contenttype','Can view content type');
INSERT INTO auth_permission VALUES(21,6,'add_session','Can add session');
INSERT INTO auth_permission VALUES(22,6,'change_session','Can change session');
INSERT INTO auth_permission VALUES(23,6,'delete_session','Can delete session');
INSERT INTO auth_permission VALUES(24,6,'view_session','Can view session');
INSERT INTO auth_permission VALUES(25,7,'add_word','Can add Mot');
INSERT INTO auth_permission VALUES(26,7,'change_word','Can change Mot');
INSERT INTO auth_permission VALUES(27,7,'delete_word','Can delete Mot');
INSERT INTO auth_permission VALUES(28,7,'view_word','Can view Mot');
INSERT INTO auth_permission VALUES(29,8,'add_wordfind','Can add word find');
INSERT INTO auth_permission VALUES(30,8,'change_wordfind','Can change word find');
INSERT INTO auth_permission VALUES(31,8,'delete_wordfind','Can delete word find');
INSERT INTO auth_permission VALUES(32,8,'view_wordfind','Can view word find');
INSERT INTO auth_permission VALUES(33,9,'add_letterscore','Can add letter score');
INSERT INTO auth_permission VALUES(34,9,'change_letterscore','Can change letter score');
INSERT INTO auth_permission VALUES(35,9,'delete_letterscore','Can delete letter score');
INSERT INTO auth_permission VALUES(36,9,'view_letterscore','Can view letter score');
INSERT INTO auth_permission VALUES(37,10,'add_halo','Can add halo');
INSERT INTO auth_permission VALUES(38,10,'change_halo','Can change halo');
INSERT INTO auth_permission VALUES(39,10,'delete_halo','Can delete halo');
INSERT INTO auth_permission VALUES(40,10,'view_halo','Can view halo');
INSERT INTO auth_permission VALUES(41,11,'add_additionscore','Can add addition score');
INSERT INTO auth_permission VALUES(42,11,'change_additionscore','Can change addition score');
INSERT INTO auth_permission VALUES(43,11,'delete_additionscore','Can delete addition score');
INSERT INTO auth_permission VALUES(44,11,'view_additionscore','Can view addition score');
INSERT INTO auth_permission VALUES(45,12,'add_multiplicationscore','Can add multiplication score');
INSERT INTO auth_permission VALUES(46,12,'change_multiplicationscore','Can change multiplication score');
INSERT INTO auth_permission VALUES(47,12,'delete_multiplicationscore','Can delete multiplication score');
INSERT INTO auth_permission VALUES(48,12,'view_multiplicationscore','Can view multiplication score');
INSERT INTO auth_permission VALUES(49,13,'add_soustractionscore','Can add soustraction score');
INSERT INTO auth_permission VALUES(50,13,'change_soustractionscore','Can change soustraction score');
INSERT INTO auth_permission VALUES(51,13,'delete_soustractionscore','Can delete soustraction score');
INSERT INTO auth_permission VALUES(52,13,'view_soustractionscore','Can view soustraction score');
INSERT INTO auth_permission VALUES(53,14,'add_additionposeescore','Can add addition posee score');
INSERT INTO auth_permission VALUES(54,14,'change_additionposeescore','Can change addition posee score');
INSERT INTO auth_permission VALUES(55,14,'delete_additionposeescore','Can delete addition posee score');
INSERT INTO auth_permission VALUES(56,14,'view_additionposeescore','Can view addition posee score');
INSERT INTO auth_permission VALUES(57,15,'add_wordscore','Can add word score');
INSERT INTO auth_permission VALUES(58,15,'change_wordscore','Can change word score');
INSERT INTO auth_permission VALUES(59,15,'delete_wordscore','Can delete word score');
INSERT INTO auth_permission VALUES(60,15,'view_wordscore','Can view word score');
INSERT INTO auth_permission VALUES(61,16,'add_wordone','Can add Mot');
INSERT INTO auth_permission VALUES(62,16,'change_wordone','Can change Mot');
INSERT INTO auth_permission VALUES(63,16,'delete_wordone','Can delete Mot');
INSERT INTO auth_permission VALUES(64,16,'view_wordone','Can view Mot');
INSERT INTO auth_permission VALUES(65,17,'add_quizinstance','Can add quiz instance');
INSERT INTO auth_permission VALUES(66,17,'change_quizinstance','Can change quiz instance');
INSERT INTO auth_permission VALUES(67,17,'delete_quizinstance','Can delete quiz instance');
INSERT INTO auth_permission VALUES(68,17,'view_quizinstance','Can view quiz instance');
INSERT INTO auth_permission VALUES(69,18,'add_answer','Can add answer');
INSERT INTO auth_permission VALUES(70,18,'change_answer','Can change answer');
INSERT INTO auth_permission VALUES(71,18,'delete_answer','Can delete answer');
INSERT INTO auth_permission VALUES(72,18,'view_answer','Can view answer');
INSERT INTO auth_permission VALUES(73,19,'add_question','Can add question');
INSERT INTO auth_permission VALUES(74,19,'change_question','Can change question');
INSERT INTO auth_permission VALUES(75,19,'delete_question','Can delete question');
INSERT INTO auth_permission VALUES(76,19,'view_question','Can view question');
INSERT INTO auth_permission VALUES(77,20,'add_quiz','Can add quiz');
INSERT INTO auth_permission VALUES(78,20,'change_quiz','Can change quiz');
INSERT INTO auth_permission VALUES(79,20,'delete_quiz','Can delete quiz');
INSERT INTO auth_permission VALUES(80,20,'view_quiz','Can view quiz');
INSERT INTO auth_permission VALUES(81,21,'add_theme','Can add theme');
INSERT INTO auth_permission VALUES(82,21,'change_theme','Can change theme');
INSERT INTO auth_permission VALUES(83,21,'delete_theme','Can delete theme');
INSERT INTO auth_permission VALUES(84,21,'view_theme','Can view theme');
INSERT INTO auth_permission VALUES(85,22,'add_userresponse','Can add user response');
INSERT INTO auth_permission VALUES(86,22,'change_userresponse','Can change user response');
INSERT INTO auth_permission VALUES(87,22,'delete_userresponse','Can delete user response');
INSERT INTO auth_permission VALUES(88,22,'view_userresponse','Can view user response');
INSERT INTO auth_permission VALUES(89,23,'add_questionorder','Can add question order');
INSERT INTO auth_permission VALUES(90,23,'change_questionorder','Can change question order');
INSERT INTO auth_permission VALUES(91,23,'delete_questionorder','Can delete question order');
INSERT INTO auth_permission VALUES(92,23,'view_questionorder','Can view question order');
INSERT INTO auth_permission VALUES(93,24,'add_tokenlogin','Can add token login');
INSERT INTO auth_permission VALUES(94,24,'change_tokenlogin','Can change token login');
INSERT INTO auth_permission VALUES(95,24,'delete_tokenlogin','Can delete token login');
INSERT INTO auth_permission VALUES(96,24,'view_tokenlogin','Can view token login');
INSERT INTO auth_permission VALUES(97,25,'add_player','Can add player');
INSERT INTO auth_permission VALUES(98,25,'change_player','Can change player');
INSERT INTO auth_permission VALUES(99,25,'delete_player','Can delete player');
INSERT INTO auth_permission VALUES(100,25,'view_player','Can view player');
CREATE TABLE IF NOT EXISTS `auth_group` (`id` integer NOT NULL PRIMARY KEY AUTO_INCREMENT, `name` varchar(150) NOT NULL UNIQUE);
INSERT INTO auth_group VALUES(1,'CP');
INSERT INTO auth_group VALUES(2,'CE1');
INSERT INTO auth_group VALUES(3,'CE2');
INSERT INTO auth_group VALUES(4,'CM1');
INSERT INTO auth_group VALUES(5,'CM2');
INSERT INTO auth_group VALUES(6,'ADMIN');
INSERT INTO auth_group VALUES(7,'ENSEIGNANT');
INSERT INTO auth_group VALUES(8,'ELEVE');
CREATE TABLE IF NOT EXISTS `auth_user` (`id` integer NOT NULL PRIMARY KEY AUTO_INCREMENT, `password` varchar(128) NOT NULL, `last_login` datetime NULL, `is_superuser` bool NOT NULL, `username` varchar(150) NOT NULL UNIQUE, `last_name` varchar(150) NOT NULL, `email` varchar(254) NOT NULL, `is_staff` bool NOT NULL, `is_active` bool NOT NULL, `date_joined` datetime NOT NULL, `first_name` varchar(150) NOT NULL);
INSERT INTO auth_user VALUES(1,'pbkdf2_sha256$260000$M1qtZXmcFvSHO2J7UzUo1n$mHcvCQtf8MLddn4Q6E2JnNorZKPU+GStN8i60yMHM/8=','2022-09-06 17:02:58.925711',1,'cyril.henry','HENRY','cyril.henry@gmail.com',1,1,'2021-10-03 16:09:43','Cyril');
INSERT INTO auth_user VALUES(2,'pbkdf2_sha256$260000$1o311zNAfYrtBmpsAY0KeL$KBN8GtoFLqhWbN8gvyhqtteO0oadQym0s7hOG7dwAqo=','2022-09-05 16:32:36.297531',0,'alix.henry','HENRY','alix.henry@endtg.com',0,1,'2021-10-11 15:38:29','Alix');
INSERT INTO auth_user VALUES(3,'pbkdf2_sha256$260000$t4uxdzWZxaxAVHBjifFx9t$gfGA+TEwWVtbCQk78uhWkdFxogu6hteuNr4usgq/bq0=','2022-09-05 16:35:34.972407',0,'fanny.henry','HENRY','fanny.henry@endtg.com',0,1,'2021-10-19 16:53:31.280302','Fanny');
INSERT INTO auth_user VALUES(4,'pbkdf2_sha256$260000$XwLKYJ7RBayxLxbPtfHEZ6$ODAmAT8NoonXHdqbDTN5Sj4AElBYamoeVcRTTrudCPQ=','2022-09-02 10:30:48.829708',0,'natan.henry','HENRY','natan.henry@endtg.com',0,1,'2021-10-31 09:17:39','Natan');
INSERT INTO auth_user VALUES(13,'pbkdf2_sha256$260000$onTWt4Maq0yY92y6MsYj7Q$z+4axQyVbs65uILPUgCqp15K2HGY31qu9D5zc66S/L0=','2022-02-07 08:12:36.314348',0,'maximilien.desert-kourouma','DESERT KOUROUMA','maximilien.desert-kourouma@endtg.com',0,1,'2021-11-08 16:29:32.727509','Maximilien');
INSERT INTO auth_user VALUES(29,'pbkdf2_sha256$260000$rLabzmYmyJ9hjWHMQnrJGN$4DMfjNL778Y5gaAhddZdLzkapkP/O7GxHVof6lZvDQ0=','2022-02-07 08:36:39.959625',0,'keileen.travailleur','TRAVAILLEUR','keileen.travailleur@endtg.com',0,1,'2021-11-08 16:35:15.116486','Keileen');
INSERT INTO auth_user VALUES(31,'pbkdf2_sha256$260000$SWnXs3c4T39WZRlJrsAuhm$rVOrBrgzyhKnTDVX2ovio0+NdEHk7S/W3tX83GfcMXw=','2022-05-24 16:20:41.440934',0,'robin.veillet','VEILLET','robin.veillet@endtg.com',0,1,'2021-11-08 16:35:41.593259','Robin');
INSERT INTO auth_user VALUES(62,'pbkdf2_sha256$260000$atvwNQCAye0xroaOesCjM6$i3oh2lAZh1orX8y35S5ITgii0h6CXPaD6nkouw2lQpc=','2022-02-07 09:06:33.114927',0,'valentin.de-rubia-bouvier','DE RUBIA BOUVIER','valentin.de-rubia-bouvier@endtg.com',0,1,'2022-01-22 21:05:29.990966','Valentin');
INSERT INTO auth_user VALUES(64,'pbkdf2_sha256$260000$XsVVOotccWi2jCtWGOHNWT$q0LxlYr9St3tMI5gj9g6RkEJg+Xe60i5je2U+Bavsr4=','2022-02-07 10:04:42.053534',0,'livia.kappes-silvain','KAPPES SILVAIN','livia.kappes-silvain@endtg.com',0,1,'2022-01-24 10:15:26.669060','Livia');
INSERT INTO auth_user VALUES(65,'pbkdf2_sha256$260000$aNc7V2THEg5PzCRQKrdTWm$J7K13tf5vRo2YUxFwsrfFNmxwoIpj5BDr5NjY8pvIK4=','2022-02-07 10:04:58.085571',0,'chloe.desneux','DESNEUX','chloe.desneux@endtg.com',0,1,'2022-01-24 10:15:34.063516','Chlo');
INSERT INTO auth_user VALUES(66,'pbkdf2_sha256$260000$X4ZfsL9wDbZBc5Ppk5BhAa$rO/5kg9iHxahrhB1g7ilEJF7+dgDurDpYu0oAWaZMqo=','2022-02-07 10:04:57.440971',0,'laetitia.gourier','GOURIER','laetitia.gourier@endtg.com',0,1,'2022-01-24 10:15:41.463963','Laetitia');
INSERT INTO auth_user VALUES(67,'pbkdf2_sha256$260000$yu37YIg19OdGuHmLvakSnf$jP97nDO7GIfU7ys+dAn573cmxRh/10/uDXq/QNZjDC4=','2022-02-07 10:04:01.016038',0,'thomas.chen','CHEN','thomas.chen@endtg.com',0,1,'2022-01-24 10:15:55.328438','Thomas');
INSERT INTO auth_user VALUES(68,'pbkdf2_sha256$260000$Cu1LNbK0plMcF4v7NCiYVE$1z6WeuZK9b7DNdCGgCiSqdtp4DoomZtAM8dkorMN0iU=','2022-02-07 10:06:24.558016',0,'emma-liz.etoga-ngange','ETOGA NGANGE','emma-liz.etoga-ngange@endtg.com',0,1,'2022-01-24 10:16:01.360727','Emma liz');
INSERT INTO auth_user VALUES(69,'pbkdf2_sha256$260000$p5WTfxo2KMpCxsFw5vvMyF$NX/WChAPBqSwG0D9JLaxjlL3UGFNy9VBOmLBoiZ49SI=','2022-02-07 10:04:23.188261',0,'felicien.du','DU','felicien.du@endtg.com',0,1,'2022-01-24 10:16:03.733268','Felicien');
INSERT INTO auth_user VALUES(70,'pbkdf2_sha256$260000$d5OtYRxyUMT8YZ1zJeId4m$3OorWM+b9o8R1jlfjBigcLLsjakct9oVxEPxzROfRpk=','2022-02-07 10:04:19.896305',0,'alice.danrez','DANREZ','alice.danrez@endtg.com',0,1,'2022-01-24 10:16:04.932530','Alice');
INSERT INTO auth_user VALUES(71,'pbkdf2_sha256$260000$pW5RCvRMDaztyKilnS9TuC$yBz+u65G/7URaipJAlOjdb6a3CkRK5GjBDj923W2ba8=','2022-02-07 10:05:30.476558',0,'laurene.chopinet','CHOPINET','laurene.chopinet@endtg.com',0,1,'2022-01-24 10:16:13.516247','Laurene');
INSERT INTO auth_user VALUES(72,'pbkdf2_sha256$260000$t15noEdXTwL8wUdm7Nvn3R$cFeGIEFZUTCUsoqzFT8qpoGe5l2TqWhJKXmn4khE7QI=','2022-02-07 10:04:58.839100',0,'paul.kermorgant','KERMORGANT','paul.kermorgant@endtg.com',0,1,'2022-01-24 10:16:14.880412','Paul');
INSERT INTO auth_user VALUES(73,'pbkdf2_sha256$260000$EAQPu7GwaLS6GiPziOLYbW$zfe594NqHwodBB/t7TR8osueB3zWnkFnx47zFtKRyaY=','2022-02-07 10:05:21.316218',0,'lina.chater','CHATER','lina.chater@endtg.com',0,1,'2022-01-24 10:16:34.090592','Lina');
INSERT INTO auth_user VALUES(74,'pbkdf2_sha256$260000$6UEJcIPY4sAeRSKjoRR0r4$is9MgiD94hhQzB/waItc9AJaJZQqcbN8HA7VZGoo5Ds=','2022-02-07 10:06:10.109993',0,'elise.andre','ANDRE','elise.andre@endtg.com',0,1,'2022-01-24 10:16:35.381803','Elise');
INSERT INTO auth_user VALUES(75,'pbkdf2_sha256$260000$DhCqo7aL6LTJMppXgZKzqY$vZBzWOIBqgfgQaDi1rLtmyIN6JtHlenagxkkGsxIM9M=','2022-02-07 10:05:37.654118',0,'ariane.condaminas-chamballon','CONDAMINAS CHAMBALLON','ariane.condaminas-chamballon@endtg.com',0,1,'2022-01-24 10:16:49.264259','Ariane');
INSERT INTO auth_user VALUES(76,'pbkdf2_sha256$260000$PELecJNfoptRaZKQhygfI0$2NjzStXANSdn3GZM0isS/axTbATN7b6Wqab4oPnmwGw=','2022-02-07 10:04:40.992194',0,'adam.abid','ABID','adam.abid@endtg.com',0,1,'2022-01-24 10:17:07.147265','Adam');
INSERT INTO auth_user VALUES(77,'pbkdf2_sha256$260000$WzF9TVdODTRKOofjVzu0Hi$XO6ACx7OFEFSH5H/iNU8kNj7usAwOBMxpAC6PjS9/Fc=','2022-02-07 10:03:52.342430',0,'johan.itzkovitz','ITZKOVITZ','johan.itzkovitz@endtg.com',0,1,'2022-01-24 10:17:21.959155','Johan');
INSERT INTO auth_user VALUES(78,'pbkdf2_sha256$260000$v0YXAn11OWgiHk12QyjL1Q$2saVt1lLbR5tdWwcrj6CmwPRCwZV/nbm9KrFKSiVP30=','2022-02-07 10:04:34.866004',0,'marley.homat','HOMAT','marley.homat@endtg.com',0,1,'2022-01-24 10:17:55.325631','Marley');
INSERT INTO auth_user VALUES(79,'pbkdf2_sha256$260000$MSMEc5HPTDu1HaNVNgfWIv$dE3AD57QgSidWcIMVbu0xNUvWJ7Kyn9oTTRWFN4s7II=','2022-02-07 10:36:44.937460',0,'matthias.nael','NAEL','matthias.nael@endtg.com',0,1,'2022-01-24 10:44:14.319369','Matthias');
INSERT INTO auth_user VALUES(80,'pbkdf2_sha256$260000$5O0CRQSABxtMSeBHKBc0kU$3Nc5YqU6/NK6XyBlkiooTK+0SWnea3/DwQXqORLVJB8=','2022-02-07 10:36:28.650561',0,'louise.lejeune','LEJEUNE','louise.lejeune@endtg.com',0,1,'2022-01-24 10:44:14.380329','Louise');
INSERT INTO auth_user VALUES(81,'pbkdf2_sha256$260000$cbnfX05z6WRMaizLMCZEZE$0kOmgaZlCssdTE6fcSl3uMJET+pBIRlnLvcS7kuMNiM=','2022-02-07 10:36:41.740449',0,'emma.langlais','LANGLAIS','emma.langlais@endtg.com',0,1,'2022-01-24 10:44:14.893015','Emma');
INSERT INTO auth_user VALUES(82,'pbkdf2_sha256$260000$DOrL95IWi8wNOZ0UlFaojk$2KoG8BO0wWupJbqQBb0rWUMvVadOSuN4ZZ7wHIKn3eI=','2022-02-07 10:36:46.971197',0,'slimane.koulla','KOULLA','slimane.koulla@endtg.com',0,1,'2022-01-24 10:44:22.131562','Slimane');
INSERT INTO auth_user VALUES(83,'pbkdf2_sha256$260000$PW1rWYTUxNNnMq40jdsb36$PZZag5GPETnrD7TcJJoIEHyxrwWgBR1Hxyy4I3cbag4=','2022-02-07 10:36:37.375161',0,'lucie.liger-hulin','LIGER-HULIN','lucie.liger-hulin@endtg.com',0,1,'2022-01-24 10:44:23.148939','Lucie');
INSERT INTO auth_user VALUES(84,'pbkdf2_sha256$260000$4Eex0DIrOrDBS0uoy5d9he$zt1tw0X7XDSUo8peLDzO1f7D0mHqEX2oOv2BArlL3Kk=','2022-02-07 10:36:37.711952',0,'raphael.sanchez','SANCHEZ','raphael.sanchez@endtg.com',0,1,'2022-01-24 10:44:52.480922','Raphal');
INSERT INTO auth_user VALUES(85,'pbkdf2_sha256$260000$eZ8jFECZZ3A6OO3p9eI9O4$tEm61H3Q7ujbt3e5p9+8p+BfmZspjdfGSzJt5FqI5Us=','2022-02-07 10:38:46.410157',0,'victoria.laine','LAINE','victoria.laine@endtg.com',0,1,'2022-01-24 10:44:53.910046','Victoria');
INSERT INTO auth_user VALUES(86,'pbkdf2_sha256$260000$qWoL2KaHKyFOCrYBqLeqbS$SktYkoHPGxJSatT5m67LnZwKrt4RUd8O865Ccpz8Vx0=','2022-02-07 10:36:42.136202',0,'allan.segal','SEGAL','allan.segal@endtg.com',0,1,'2022-01-24 10:44:56.379523','Allan');
INSERT INTO auth_user VALUES(87,'pbkdf2_sha256$260000$jT65eb8wqSKi4cDkIiLHWa$b3XCirfNfOf+Y4nE5ZJGcynMh+bzJqzAYds6u2EgDog=','2022-01-31 10:39:11.455080',0,'lilou.nordio-boudot','NORDIO BOUDOT','lilou.nordio-boudot@endtg.com',0,1,'2022-01-24 10:44:57.117073','LILOU');
INSERT INTO auth_user VALUES(88,'pbkdf2_sha256$260000$IA3uMcGTjUrNz9v99B86p8$ENbIiqDc9Hl+FmbYCidfU4X3fE53fS6k60AW7TdpaJw=','2022-02-07 10:39:20.045256',0,'jade.luong-bouanha','LUONG BOUANHA','jade.luong-bouanha@endtg.com',0,1,'2022-01-24 10:44:57.777667','Jade');
INSERT INTO auth_user VALUES(89,'pbkdf2_sha256$260000$e5n8xOKKh6PBn2m3R4GA4C$oK+822uqNostg1ix/b4d+nJpxQmjdDub7EJLDZ5xJlw=','2022-02-07 10:37:19.326183',0,'nolan.glorieux','GLORIEUX','nolan.glorieux@endtg.com',0,1,'2022-01-24 10:45:01.198562','Nolan');
INSERT INTO auth_user VALUES(90,'pbkdf2_sha256$260000$9KAovhrjgSoFVY6V64oQHi$JMBwXCSwm/sg64BZYaI1sqcg0DvrjhwFbRYLZXqgTTY=','2022-02-07 10:37:36.487539',0,'jonas.laurent','LAURENT','jonas.laurent@endtg.com',0,1,'2022-01-24 10:45:14.877149','Jonas');
INSERT INTO auth_user VALUES(91,'pbkdf2_sha256$260000$tZqhDHeSQeiBsx98sUZbp9$Tl0JGXwJdCC3/sM8nGOIHwQwIaYDjTBKH9IHKGHsN8E=','2022-01-31 10:39:07.291655',0,'lihana.pereira','PEREIRA','lihana.pereira@endtg.com',0,1,'2022-01-24 10:45:56.284698','Lihana');
INSERT INTO auth_user VALUES(92,'pbkdf2_sha256$260000$ivmWP7H7qMPJ9KGO1bzMKc$WtwSjRHBrYTKeWR/bRL8sevvXayjR+NdavnB87cU4ik=','2022-02-07 10:38:06.750810',0,'aylan.mouhoub','Mouhoub','aylan.mouhoub@endtg.com',0,1,'2022-01-24 10:46:44.715580','Aylan');
INSERT INTO auth_user VALUES(93,'pbkdf2_sha256$260000$MhEClaracU2C7Cj6HAUU21$G2LOIPSvLSyEOoJOEy5cWEj4a8x5B6Th44NtqCWBvJE=','2022-01-31 12:38:37.207868',0,'elyes.fertane','FERTANE','elyes.fertane@endtg.com',0,1,'2022-01-24 12:48:15.129793','Elyes');
INSERT INTO auth_user VALUES(94,'pbkdf2_sha256$260000$qRaELaCGLPQezHQa6FFYn5$YoCxfDZqheoH6/k03z9dc4g3hj3kGhgW23iuvl3QAUQ=','2022-01-31 12:41:20.980795',0,'clara.druez','DRUEZ','clara.druez@endtg.com',0,1,'2022-01-24 12:49:06.361321','Clara');
INSERT INTO auth_user VALUES(96,'pbkdf2_sha256$260000$RS6LPddXcEjdxLT2ZD2I3h$7/uZjMxQiwT/5baj7rmwXdeUtiuM2+J6gUHbViyh1ZY=','2022-01-31 12:40:09.339248',0,'valentine.dugue-vossart','DUGUE-VOSSART','valentine.dugue-vossart@endtg.com',0,1,'2022-01-24 12:49:45.015550','Valentine');
INSERT INTO auth_user VALUES(97,'pbkdf2_sha256$260000$sXtG5P1glwK5akcAT8wv4u$uFDs2NHSUyBSY178ufqNAaQacaN+MA9DdamxerZvaMA=','2022-01-31 12:40:47.587513',0,'alicia.duchesnay','DUCHESNAY','alicia.duchesnay@endtg.com',0,1,'2022-01-24 12:50:09.023843','Alicia');
INSERT INTO auth_user VALUES(98,'pbkdf2_sha256$260000$JLAm7B48L0ED4PDENCYBsm$CndqhRrbhVLxd13GsyYKoZhWsdPqORwvzTKA3XkSfPs=','2022-01-31 12:48:47.554581',0,'aurore.ferrier','FERRIER','aurore.ferrier@endtg.com',0,1,'2022-01-24 12:50:52.430144','Aurore');
INSERT INTO auth_user VALUES(99,'pbkdf2_sha256$260000$iYuQh1WPfBwlItN5GEci3B$g9hQWgTxb2zKOvAT6YaxHxHn7ioBTnNKa8P96Wp92ak=','2022-01-31 12:44:56.806759',0,'lise.glomaud','GLOMAUD','lise.glomaud@endtg.com',0,1,'2022-01-24 12:50:55.172456','Lise');
INSERT INTO auth_user VALUES(100,'pbkdf2_sha256$260000$C9l1nqhJrpVfx1Qzc0r7qW$Wq6gCTeVraJ7Vfc8j58N3YBwMKUDO9aPXQAHR0QsC3E=','2022-01-31 12:40:08.769608',0,'barbara.da-costa','DA COSTA','barbara.da-costa@endtg.com',0,1,'2022-01-24 12:51:04.282855','Barbara');
INSERT INTO auth_user VALUES(101,'pbkdf2_sha256$260000$zyrllxmjJ2567Fg9KBLTcV$s/Zn92hCQmhuGe5mjSh/dmOrz4K/WtUJWZBv14dQ8gw=','2022-01-24 12:54:21.392750',0,'camille.de-rubia-bouvier','DE RUBIA BOUVIER','camille.de-rubia-bouvier@endtg.com',0,1,'2022-01-24 12:51:36.865815','Camille');
INSERT INTO auth_user VALUES(102,'pbkdf2_sha256$260000$UPul1vfLLPAVRE8k4xpGJ6$HQYigy51dQAdcejxzV1qC7DF0d5qW5okLPIj9zFaDzE=','2022-01-31 12:41:01.073148',0,'pauline.grenier','GRENIER','pauline.grenier@endtg.com',0,1,'2022-01-24 12:52:00.748155','Pauline');
INSERT INTO auth_user VALUES(103,'pbkdf2_sha256$260000$I449mdbjqbvqXSKi4vWFkg$wibPrb+7CuqYZYv5zhQgpKei7HbvKm9qMa1chGRurIg=','2022-01-31 12:40:15.237583',0,'noe.gillaume','GILLAUME','noe.gillaume@endtg.com',0,1,'2022-01-24 12:52:28.237287','No');
INSERT INTO auth_user VALUES(104,'pbkdf2_sha256$260000$VnsUjgVs1czoychsof2bxD$j/nydOA0Xx9wTf3wy7dIPuhquKlvkJseIrbhljxVUWM=','2022-01-31 12:48:25.206470',0,'zoe.gu','GU','zoe.gu@endtg.com',0,1,'2022-01-24 12:53:06.149014','Zo');
INSERT INTO auth_user VALUES(105,'pbkdf2_sha256$260000$cCTT1OxCMVPEGEXZKhq6q2$EWhWHMwOa+TkoeRC3FmqsUpN7ONf5Hg0/vH4pktaw5c=','2022-01-31 13:20:44.999855',0,'leon.xi','XI','leon.xi@endtg.com',0,1,'2022-01-24 13:24:33','Lon');
INSERT INTO auth_user VALUES(106,'pbkdf2_sha256$260000$RTRANZLTAFGhw1INBW3QXQ$x1eRPFR3msCdA6qLr0gi8XfAT96ez8LvCfty41/d7M0=','2022-01-31 13:24:05.907987',0,'aloys.villain','VILLAIN','aloys.villain@endtg.com',0,1,'2022-01-24 13:25:11.400420','Aloys');
INSERT INTO auth_user VALUES(107,'pbkdf2_sha256$260000$3UZYrCKYHAdsVDnGK0RxtC$TxJr3xD196YjA4XNJQADMAycCv+8MDaPIyAhfnTZpag=','2022-01-31 13:25:14.599754',0,'constantin.plouhinec','PLOUHINEC','constantin.plouhinec@endtg.com',0,1,'2022-01-24 13:27:28','Constantin');
INSERT INTO auth_user VALUES(108,'pbkdf2_sha256$260000$55S9pcjwKY5JQFdiGChD6u$6un14qt51ayiNPGXXlmg8sf5biy7YP43lwHv1X0bK4Q=','2022-01-31 13:21:25.739536',0,'eva.tagne','TAGNE','eva.tagne@endtg.com',0,1,'2022-01-24 13:28:07.610103','Eva');
INSERT INTO auth_user VALUES(109,'pbkdf2_sha256$260000$ma1jK6yBhOq3bIetl3pnBm$HDf/pk1g5kiyOXvYRwuecYOBSlbDU/iwpFUvWCFhSSg=','2022-01-31 13:21:33.290844',0,'lucas.magnoux','MAGNOUX','lucas.magnoux@endtg.com',0,1,'2022-01-24 13:28:12.095340','Lucas');
INSERT INTO auth_user VALUES(110,'pbkdf2_sha256$260000$ZinWWVYnLphfuNDqyvp3ju$zHaqcbqe6VBN1CuAU3+IFeFZ45KPOfwbYG1EBGPYt+I=','2022-01-24 13:32:42.579049',0,'lana.zapevalova','ZAPEVALOVA','lana.zapevalova@endtg.com',0,1,'2022-01-24 13:28:13.432519','Lana');
INSERT INTO auth_user VALUES(113,'pbkdf2_sha256$260000$GsCwbJLUGHiqPx9t7hz9DU$pUsxwjQfOaHKIMefIEReEhHLu3vEZqbbbuTLcaKS7M0=','2022-01-31 13:22:07.517569',0,'leonard.hubert','HUBERT','leonard.hubert@endtg.com',0,1,'2022-01-24 13:29:47.773565','Leonard');
INSERT INTO auth_user VALUES(114,'pbkdf2_sha256$260000$bJm8fi4MAegMOZVtKfNBIC$yYPDLYNDHn10zCWqQ6Fl1DPknHgya1oOlAkrQo7UNlg=','2022-01-31 13:21:37.427273',0,'amaury.voydeck','VOYDECK','amaury.voydeck@endtg.com',0,1,'2022-01-24 13:30:06.265190','Amaury');
INSERT INTO auth_user VALUES(115,'pbkdf2_sha256$260000$NDRxHSMWvqARcVTZ0VyAWR$vdsSPzVasat2QnIKsF8VeBWMkWeLpPFK4HIhll0s8PQ=','2022-01-24 13:33:50.586223',0,'tudor.moise','MOISE','tudor.moise@endtg.com',0,1,'2022-01-24 13:30:14.781951','Tudor');
INSERT INTO auth_user VALUES(116,'pbkdf2_sha256$260000$SsCr5lqZSo5AZkZhMJEvV6$74d03DHZUEdfXQeMAZyfxyFrPmE6IbCqIz5s3NueQrw=','2022-01-31 13:21:09.565587',0,'kamil.sahrane','SAHRANE','kamil.sahrane@endtg.com',0,1,'2022-01-24 13:31:20.691414','Kamil');
INSERT INTO auth_user VALUES(117,'pbkdf2_sha256$260000$excj8tf8FdtkR0ku0v3HYr$PTmhHrPFJOkx10ZQgsLS4XKQHUhvvH1AqU0eydmgSpk=','2022-01-31 13:21:23.850713',0,'mailys.simon','SIMON','mailys.simon@endtg.com',0,1,'2022-01-24 13:31:27.106472','Malys');
INSERT INTO auth_user VALUES(118,'pbkdf2_sha256$260000$dCWBbHVEm0YScSeYCtNbrh$I0VKoHGORJsvr1xxKXsvWxmPBZ9HwElAy+J6iNeHVWE=','2022-01-31 13:39:56.338113',0,'karell.pauvit','PAUVIT','karell.pauvit@endtg.com',0,1,'2022-01-24 13:40:08.836759','Karell');
INSERT INTO auth_user VALUES(119,'pbkdf2_sha256$260000$Ynj83IbwhSldUiQ4ZoVVyg$f5ZpUySr+/x/zIOySOaaISP3DqHIzGqcKs5n03XLyP4=','2022-01-31 13:31:41.735336',0,'fanny.cousin','COUSIN','fanny.cousin@endtg.com',0,1,'2022-01-24 13:53:45.747645','Fanny');
INSERT INTO auth_user VALUES(120,'pbkdf2_sha256$260000$3HUB7RRBL1mOqsYPmjn6h6$Tu//RhdmMlZO3CkqxZ8rPb66pw0wB+U+i2ZkJXn/jGE=','2022-01-24 14:21:04.205660',0,'gaya.grim','GRIM','gaya.grim@endtg.com',0,1,'2022-01-24 14:16:12.915693','Gaya');
INSERT INTO auth_user VALUES(121,'pbkdf2_sha256$260000$pUBHaDaRLuTGQYbg0efHFx$2TSBTAVHvaTsJwFIqhQbMEB51aqGgbDIyeR5p+OGBO0=','2022-01-31 14:07:53.534335',0,'yael.uredat','UREDAT','yael.uredat@endtg.com',0,1,'2022-01-24 14:16:32.492655','Yael');
INSERT INTO auth_user VALUES(122,'pbkdf2_sha256$260000$lkXqrmKxkpLuCdU69xs5P1$aFTWyrSSTCDLD9w/aDjKqW+LtAmD0rQrm4moARtQko4=','2022-01-31 14:06:26.262577',0,'elona.monjaret','MONJARET','elona.monjaret@endtg.com',0,1,'2022-01-24 14:16:38.075223','Elona');
INSERT INTO auth_user VALUES(124,'pbkdf2_sha256$260000$YHrfdkr6cirEXLDVn7zfUA$3cpErlEGwh/8gQtkRSduMjqMjGlvX1O2h2jri2foVWk=','2022-01-31 14:05:40',0,'enzo.dos-reis','DOS REIS','enzi.dos-reis@endtg.com',0,1,'2022-01-24 14:16:54','Enzo');
INSERT INTO auth_user VALUES(125,'pbkdf2_sha256$260000$voYy8WUGgifZi4ApAmb1r5$edAnqZOnhqJmRzIxfk9GxJxZyLT4TkDEtPWI6613oj0=','2022-01-31 14:07:51.432643',0,'athenais.dubois','DUBOIS','athenais.dubois@endtg.com',0,1,'2022-01-24 14:17:08.130737','Athenais');
INSERT INTO auth_user VALUES(126,'pbkdf2_sha256$260000$iKNx5uydIwEgYs7JQv0Yk8$BS5+lHti5F++qHcd0Ithkp3t9Pm5/zKuxPFmhAUOb+U=','2022-01-31 14:06:49.582083',0,'augustin.chouteau','CHOUTEAU','augustin.chouteau@endtg.com',0,1,'2022-01-24 14:17:18.443395','Augustin');
INSERT INTO auth_user VALUES(127,'pbkdf2_sha256$260000$GUbyTVTA3OZGih7mfEn0VC$fYdaviycWdEp69BXBS0+61T33T65bq4cTQI25/BfMJA=','2022-01-31 14:08:22.191595',0,'kaelig.taboucou','TABOUCOU','kaelig.taboucou@endtg.com',0,1,'2022-01-24 14:17:21.354604','Kaelig');
INSERT INTO auth_user VALUES(128,'pbkdf2_sha256$260000$knM4ymRh2vZV2A5T8EGiOd$xkIl3qaUZatNNsZ1zUEv3SqQtAqI44LZ0fpMWsL7qrQ=','2022-01-31 14:07:05.423237',0,'alban.nael','NAL','alban.nael@endtg.com',0,1,'2022-01-24 14:17:45.169957','Alban');
INSERT INTO auth_user VALUES(129,'pbkdf2_sha256$260000$rXdGhtYEIKA8VU2YJ5zEaS$wtt8miE2KUEFturr8VBWgSi0i3NWroGjh6BEMNb7oVw=','2022-01-31 14:07:19.420539',0,'adrien.du','DU','adrien.du@endtg.com',0,1,'2022-01-24 14:17:48.861681','Adrien');
INSERT INTO auth_user VALUES(130,'pbkdf2_sha256$260000$y7dlx6ZYxyR4Bp1sKhEePZ$XYVQBPXS3vHpVmWOtXMJ+A4AzJBJfIvJMWRVw+k0icw=','2022-01-31 14:36:37.278580',0,'celia.nganso','NGANSO','celia.nganso@endtg.com',0,1,'2022-01-24 14:18:00.835321','Clia');
INSERT INTO auth_user VALUES(131,'pbkdf2_sha256$260000$16d79pDmopKGZHeUj7drks$hwpqIcyuPbGXvEPPT7UxBUO+g+/s6KKVWkUIt1vI8ec=','2022-08-31 07:41:44.152235',0,'camille.garcia','GARCIA','camille.garcia@endtg.com',0,1,'2022-01-24 14:18:27.153129','Camille');
INSERT INTO auth_user VALUES(132,'pbkdf2_sha256$260000$JnvrZf7MKhczWVHbykDMLJ$rGK7pXWDpu1SNlLk5GpQLXhMH+XS6+fbbiuNtFWZLR8=','2022-01-31 14:07:50',0,'pauline.lefevre','LEFEVRE','pauline.lefevre@endtg.com',0,1,'2022-01-24 14:19:01','pauline');
INSERT INTO auth_user VALUES(133,'pbkdf2_sha256$260000$HyGPUqZntla8LNWLYTkQH0$B7kp5Uu85ieOcVPz0ntSooi8E3rCsG8oYkrEkLrBkYU=','2022-01-31 14:06:47.369461',0,'lorenzo.abouzedi','ABOUZEDI','lorenzo.abouzedi@endtg.com',0,1,'2022-01-24 14:19:13.721517','Lorenzo');
INSERT INTO auth_user VALUES(134,'pbkdf2_sha256$260000$jNwnjZZDYaK5ZPpx6w3nCp$P6Ven5e/87aI0PfJw5xHLwBV3UlexsK4dcIAyRlIqIc=','2022-06-20 13:58:46.602495',0,'gabriel.saint-martin','SAINT MARTIN','gabriel.saint-martin@endtg.com',0,1,'2022-01-24 14:20:19.501155','Gabriel');
INSERT INTO auth_user VALUES(135,'pbkdf2_sha256$260000$C8ZkvA8jJMMmwY1O7J18yG$AcWaQXjKC6TfiSOFfSkd4vyjMAy+/2YMT+oH5LW3a34=','2022-01-31 14:50:11.046384',0,'hugo.chassard','CHASSARD','hugo.chassard@endtg.com',0,1,'2022-01-24 14:57:04.989527','Hugo');
INSERT INTO auth_user VALUES(136,'pbkdf2_sha256$260000$ygqmTadwrzRuJsGxE7M3iX$nHYMVbw3cg4IShfyBF0FVJkOIxP/VfW4mcbGkIvP6UE=','2022-01-31 14:54:51.355439',0,'soan.berniere','BERNIERE','soan.berniere@endtg.com',0,1,'2022-01-24 14:57:31.521223','Soan');
INSERT INTO auth_user VALUES(137,'pbkdf2_sha256$260000$aYGf62cBsPZb68ItBiIFJc$J1UeUeFemsMLnrXeL/xTzOhp8OkvGdkrgE2alKduxGY=','2022-01-31 14:50:08.544861',0,'timothe.miche','MICHE','timothe.miche@endtg.com',0,1,'2022-01-24 14:57:31.903986','Timoth');
INSERT INTO auth_user VALUES(138,'pbkdf2_sha256$260000$FlmtjUMq1R7hMxQVosgYjz$vPkG7A0rYs7WCFtVLmd9MO2ZBBbzua/JtiC7ayHb6a0=','2022-01-31 14:51:54.732983',0,'stanislas.brousse','BROUSSE','stanislas.brousse@endtg.com',0,1,'2022-01-24 14:57:34.257538','Stanislas');
INSERT INTO auth_user VALUES(139,'pbkdf2_sha256$260000$LKq2FtEsNMFTYsj77yuGd0$BGsol8O1y+P3z4wj6lTMaNIXbZth+pdZ+m6d93v/FMA=','2022-07-02 10:05:53.001304',0,'diane.farah','FARAH','diane.farah@endtg.com',0,1,'2022-01-24 14:57:53.986405','Diane');
INSERT INTO auth_user VALUES(140,'pbkdf2_sha256$260000$tsVmomu9lOHR8UM8SxOSWI$WPTxbpLkX0yxWXTDA66dU/Nj7U68QaCyy6Idvl0Hphg=','2022-06-27 13:10:45.010467',0,'viviane.lamarque','LAMARQUE','viviane.lamarque@endtg.com',0,1,'2022-01-24 14:58:04.019254','VIVIANE');
INSERT INTO auth_user VALUES(141,'pbkdf2_sha256$260000$FslLGIUDLqf2wJ1c1ByBN5$u1SPPZIoP5QaOrxPH0HrA8ENaM9nUIHtBzjrfDwPYwk=','2022-06-23 18:39:39.423972',0,'clemence.pereira','PEREIRA','clemence.pereira@endtg.com',0,1,'2022-01-24 14:58:14.101054','Clmence');
INSERT INTO auth_user VALUES(142,'pbkdf2_sha256$260000$pod0iK7xvb9NAwmol2jYoi$IP1wzgMs6pyYqsLRiFj2/MWBOFMnDHDFlRhEGQl4zOM=','2022-01-31 15:25:16.314492',0,'ewen.saldana','SALDANA','ewen.saldana@endtg.com',0,1,'2022-01-24 14:58:32.652641','Ewen');
INSERT INTO auth_user VALUES(144,'pbkdf2_sha256$260000$RqJKZLbEktAiXMmNcpzpVv$XSMkp2moYnOeMWTz8mfviQ4KzOm1umzZgiOAJ/mcCHk=','2022-06-27 13:15:44.950099',0,'sophie.camasses','CAMASSES','sophie.camasses@endtg.com',0,1,'2022-01-24 14:58:43.546939','Sophie');
INSERT INTO auth_user VALUES(146,'pbkdf2_sha256$260000$GR4pgiW4bHqd7oHUi80RMG$6rcwY8V0YeXcpuNEmfgDFIVYDdSRe/FrIJSWp+u4Ur8=','2022-07-08 21:04:33.581893',0,'anaelle.succes','SUCCES','anaelle.succes@endtg.com',0,1,'2022-01-24 14:58:50.653570','Analle');
INSERT INTO auth_user VALUES(147,'pbkdf2_sha256$260000$YiAjOTZMVJ431uBzGpeNyx$V68gvwAtHVkuKH6lYmemX/8ttDU0etbzyfPTpWNa7vg=','2022-01-24 15:02:08.868826',0,'lilou.vuillemin','VUILLEMIN','lilou.vuillemin@endtg.com',0,1,'2022-01-24 14:59:15.712177','Lilou');
INSERT INTO auth_user VALUES(148,'pbkdf2_sha256$260000$PXTcG6LLDIXj1uCjnciRHL$N4mPExfvW7kH+L3O8ENzPDHLNJREKojGUXLTKP22Mkc=','2022-01-31 14:08:55.655834',0,'alessandro.ortolan','Ortolan','alessandro.ortolan@endtg.com',0,1,'2022-01-24 14:59:40.539933','Alessandro');
INSERT INTO auth_user VALUES(149,'pbkdf2_sha256$260000$uqsEw9GMbyEsFp9lMACkqH$OOZqNNH1F3ziEU/yo3P9Vr4zMPS7QGY7Gkz9H4IIWKk=','2022-01-31 14:50:12.116721',0,'aurelie.liger-hulin','LIGER HULIN','aurelie.liger-hulin@endtg.com',0,1,'2022-01-24 15:00:13.316852','Aurlie');
INSERT INTO auth_user VALUES(150,'pbkdf2_sha256$260000$S64vtcI366Bk9hGrMzelcr$D09J/8ApIpVzRTC/IyDlWJodDGqz5tN53mv3+JmlGgs=','2022-01-31 14:50:55.753598',0,'elya.ogoula-monnier','OGOULA MONNIER','elya.ogoula-monnier@endtg.com',0,1,'2022-01-24 15:09:30.591269','Elya');
INSERT INTO auth_user VALUES(151,'pbkdf2_sha256$260000$YQkIE4K2bKJHHziZiE0XDU$1rKjtlprCfFcfQ+Ih6OLUgYBZvD6K3Q1aT4T8kxAPz4=','2022-01-31 15:05:05.654853',0,'isabelle.bon','BON','isabelle.bon@endtg.com',0,1,'2022-01-24 15:12:55.002655','Isabelle');
INSERT INTO auth_user VALUES(152,'pbkdf2_sha256$260000$Xpgkz7jhwZ9mKS5DlDZ8VK$DMNwMQxs0TGt+rF2cLgZjk3K4myBTxVP6eQlGxuVe5k=','2022-02-07 09:12:54.485381',0,'adrien.spinosi-pang','SPINOSI-PANG','adrien.spinosi-pang@endtg.com',0,1,'2022-01-26 16:33:08.219387','Adrien');
INSERT INTO auth_user VALUES(153,'pbkdf2_sha256$260000$tkAaRiMpJMsdW15ALPdjDD$28bSaQ55ZlhrWhLNDabNvI5VkkQ424lpSZBOAvTVWhs=','2022-02-07 09:38:57.589371',0,'anael.douty','DOUTY','anael.douty@endtg.com',0,1,'2022-01-26 16:33:28.243084','Anael');
INSERT INTO auth_user VALUES(154,'pbkdf2_sha256$260000$RLYC07pMUUVSybBMDuf0gX$M8/kV/tbFS2Wnd95At4V6RyoJMtYgNkA3HgBc/J+0hU=','2022-02-07 09:07:40.611365',0,'anais.berniere','BERNIERE','anais.berniere@endtg.com',0,1,'2022-01-26 16:33:48.183846','Anais');
INSERT INTO auth_user VALUES(155,'pbkdf2_sha256$260000$zHbIJoAaHnhnQlSUGmAvyU$ZPtmW+jCF5W5KBXN0gbO0nGrCdiDGHaijsZAzpMCgNE=','2022-02-07 09:04:28',0,'andreas.dubois','DUBOIS','andrea.dubois@endtg.com',0,1,'2022-01-26 16:34:02','Andreas');
INSERT INTO auth_user VALUES(156,'pbkdf2_sha256$260000$NB20tTpFNYYwtGe2XE92iw$O5IIwQs8muFVOc5A4lygdNBQARtd3M8Oq4FwISpAuIs=','2022-02-07 09:40:04.927588',0,'angele.bouc','BOUC','angele.bouc@endtg.com',0,1,'2022-01-26 16:34:19.111866','Angele');
INSERT INTO auth_user VALUES(157,'pbkdf2_sha256$260000$WbeKtU8hIIdMGtd2QfaUcg$kFzgvZvqrkxKsGL/OwegLINM2z4My6bb5UpPqISqTTI=','2022-02-07 09:37:24.436249',0,'charlyne.miche','MICHE','charlyne.miche@endtg.com',0,1,'2022-01-26 16:34:39.760251','Charlyne');
INSERT INTO auth_user VALUES(158,'pbkdf2_sha256$260000$IQiyFtohXQygJH9UIY5WS5$k16Xmk0a9A29U53phyendGJxx+TI7xia/FiT9504m0s=','2022-01-31 09:38:42.351380',0,'chloe.judith','JUDITH','chloe.judith@endtg.com',0,1,'2022-01-26 16:35:01.691843','Chloe');
INSERT INTO auth_user VALUES(159,'pbkdf2_sha256$260000$UecvRUwpoGtBj5jLf7EqBE$i7R00MoueuJxe4eO2uFMqjisfsulFnBExe2WrPcvbfI=','2022-02-07 09:07:04.530406',0,'chloe.royer','ROYER','chloe.royer@endtg.com',0,1,'2022-01-26 16:35:15.943107','Chloe');
INSERT INTO auth_user VALUES(160,'pbkdf2_sha256$260000$7vllay1XD9vg45SnLx6UTA$FAhX2amgOkmGlzHeYgnZVY7iqEt5d03lHiPPug00Z7c=','2022-02-07 09:22:14.396491',0,'david.ferrier','FERRIER','david.ferrier@endtg.com',0,1,'2022-01-26 16:35:58.541957','David');
INSERT INTO auth_user VALUES(161,'pbkdf2_sha256$260000$kcVWhL1lOtVCCd9jXkImA2$sgSaY5QQa+5Lae1gJPTcaWEW1dCnfG4QfqarWl+Qw9c=','2022-02-07 09:39:44.663174',0,'elora.ortolan','ORTOLAN','elora.ortolan@endtg.com',0,1,'2022-01-26 16:36:19.163343','Elora');
INSERT INTO auth_user VALUES(162,'pbkdf2_sha256$260000$tqFTokgRgL4UWBkmZBFcYt$seqp2vQol3fu1zY3zabTC+VKY5iI+T6cBaBcjz05UyU=','2022-01-31 09:07:17.401946',0,'florian.valton','VALTON','florian.valton@endtg.com',0,1,'2022-01-26 16:36:37.181294','Florian');
INSERT INTO auth_user VALUES(163,'pbkdf2_sha256$260000$ToABZ2VlCSEuNk6U68AHWv$ibWgxFiih+WobT25j6giCUmxLbDVUt409VdngwvoC/A=','2022-02-07 09:38:06.179306',0,'gabriel.chaddad','CHADDAD','gabriel.chaddad@endtg.com',0,1,'2022-01-26 16:36:56.794229','Gabriel');
INSERT INTO auth_user VALUES(164,'pbkdf2_sha256$260000$uEjHplAzI0nUyxbgPv7h9j$mUnlCzQQ1PNlpiAKI9boIFehihxD6Q8Up89HMrPTF1o=','2022-02-07 09:05:05.996871',0,'gabriel.le-lain','LE LAIN','gabriel.le-lain@endtg.com',0,1,'2022-01-26 16:37:14.325521','Gabriel');
INSERT INTO auth_user VALUES(165,'pbkdf2_sha256$260000$Svx0H3qbnHo53rcTVjTCgt$SawnDfMoHILO85gpUotsOgT8o1HDoovIy3zsB6j+8Vg=','2022-02-07 09:07:32.025700',0,'ines.lahboub','LAHBOUB','ines.lahboub@endtg.com',0,1,'2022-01-26 16:37:30.727486','Ines');
INSERT INTO auth_user VALUES(166,'pbkdf2_sha256$260000$wLh3mhyNZyzI3I58EeMs8M$sJzez4ufnxVaMYINs6va96Svoe1dA4Vsz0abWZbpWtQ=','2022-02-07 09:05:58.093512',0,'jonelle.courjol','COURJOL','jonelle.courjol@endtg.com',0,1,'2022-01-26 16:37:48.356658','Jonelle');
INSERT INTO auth_user VALUES(167,'pbkdf2_sha256$260000$R4S7X8UhVuxHnFkyvvFjtW$aW6uLy3bQQbTlZRoKBjYdsnl3mnhrXYkCeOOFinXSeQ=','2022-02-07 09:39:22.195105',0,'lea.samara','SAMARA','lea.samara@endtg.com',0,1,'2022-01-26 16:38:05.173325','Lea');
INSERT INTO auth_user VALUES(168,'pbkdf2_sha256$260000$mcoV8WNWgVpj8TBG8j1RRc$SN6xE2PHrTZ6zuFTfqM2j8bxtH+4UDiQT67FnJZKElk=','2022-02-07 09:38:33.862101',0,'loic.samara','SAMARA','loic.samara@endtg.com',0,1,'2022-01-26 16:38:16.673266','Loic');
INSERT INTO auth_user VALUES(169,'pbkdf2_sha256$260000$JW03k0xVzehDJ2ZqN1bx5H$jhgulHSNr/Ugp0MgNMmpVsRF71d9DjG+9eIVru+oW8g=','2022-02-07 09:41:09.645397',0,'louis.liger-hulin','LIGER HULIN','louis.liger-hulin@endtg.com',0,1,'2022-01-26 16:38:47.731248','Louis');
INSERT INTO auth_user VALUES(170,'pbkdf2_sha256$260000$Hw2MnlXD3QczZ4qRFCmBRp$CmYt30UQZrPjTsE16Xh4iooaw4Sek2KnxoThDwYLZZg=','2022-02-07 09:37:26.289100',0,'mael.levy-portail','LEVY PORTAIL','mael.levy-portail@endtg.com',0,1,'2022-01-26 16:39:32.719673','Mael');
INSERT INTO auth_user VALUES(171,'pbkdf2_sha256$260000$zvi9zb1uq7CMBOtfZWpcsf$15p2aidNRa7NN2Rm9S61+YxL9p8XuiDUvBO+lBtbvgI=','2022-02-07 09:06:46.450639',0,'maelane.vonin','VONIN','maelane.vonin@endtg.com',0,1,'2022-01-26 16:39:50.378870','Maelane');
INSERT INTO auth_user VALUES(172,'pbkdf2_sha256$260000$wNIwkg6XQ7aeQLfKtfhV5S$0rJZdLKxUctUwHKOB+G/UIdmlEcK4aO77CkL/osB+bw=','2022-02-07 09:37:31.192052',0,'renzo.deng','DENG','renzo.deng@endtg.com',0,1,'2022-01-26 16:40:02.908186','Renzo');
INSERT INTO auth_user VALUES(173,'pbkdf2_sha256$260000$X0IdmqnuQntejprRehJ5gR$WI80rG58BBsMRTe7eLJ0sYw6wl5nLElHUFIn9b72v6M=','2022-02-07 09:05:28.041172',0,'sofia.druez','DRUEZ','sofia.druez@endtg.com',0,1,'2022-01-26 16:40:14.974807','Sofia');
INSERT INTO auth_user VALUES(174,'pbkdf2_sha256$260000$4hV8nVWcv5GPPNYugrsCSy$5QGYf9GFvpLaTB2rH3Ee9Bow5zeAmljLvUW09IfLc40=','2022-02-07 09:05:49.214035',0,'sophia.saimi','SAIMI','sophia.saimi@endtg.com',0,1,'2022-01-26 16:40:32.290198','Sophia');
INSERT INTO auth_user VALUES(175,'pbkdf2_sha256$260000$Qv9iIgi8kcxDHgKPW6d1Tc$koTvXgtKkFGEoMIS8z9FYRlSME/81D0wZ8Qwixuhyg8=','2022-02-07 09:37:36.876517',0,'swann.pedurand','PEDURAND','swann.pedurand@endtg.com',0,1,'2022-01-26 16:40:50.279179','Swann');
INSERT INTO auth_user VALUES(176,'pbkdf2_sha256$260000$yrFFd4DiwxIapYSaPT2Lrn$mNpSr/fje44Zk0AIZOUzgifkE0bSiFQjFQ5xjnUcwvI=','2022-02-07 09:05:20.707728',0,'victoria-lou.pauvit','PAUVIT','victoria-lou.pauvit@endtg.com',0,1,'2022-01-26 16:41:25.350719','Victoria-Lou');
INSERT INTO auth_user VALUES(177,'pbkdf2_sha256$260000$8piSJ50VQtf2b7ZoRy0Yka$VZmaXR50QP0mSryYTgbSwcuPD/MYf7LuN/pPHoWf06g=','2022-02-07 09:37:45.929889',0,'vladimir.bezditnyy-ldukhin','BEZDITNYY LDUKHIN','vladimir.bezditnyy-ldukhin@endtg.com',0,1,'2022-01-26 16:41:51.725523','Vladimir');
INSERT INTO auth_user VALUES(178,'pbkdf2_sha256$260000$OvmjGj6WhJIMrMXmSvf9sH$DyGt/MN356U4Uii5DMlSoSJY0rhVXhEzf9Gtvmobvs8=','2022-01-31 09:36:46.587333',0,'xiang-yin.deng','DENG','xiang-yin.deng@endtg.com',0,1,'2022-01-26 16:42:06.106736','Xiang Yin');
INSERT INTO auth_user VALUES(179,'pbkdf2_sha256$260000$XEZNSv4M6kfwAS3LUZevll$ZX6gLH5kUH2lWSaAX5y83hdO16fFYfoclDBydx2MSi8=','2022-02-07 08:06:42.218307',0,'rose.barthelet','BARTHELET','rose.barthelet@endtg.com',0,1,'2022-01-31 08:13:58.650466','Rose');
INSERT INTO auth_user VALUES(180,'pbkdf2_sha256$260000$apIOQRAOoRZOhH13SQNtyc$v5Ta6Ay+Fhj6aj6P+lE+rPkbrNyZUWlYidXSc+XgoKY=','2022-02-07 08:05:42.846206',0,'lara.fernandes-anton','FERNANDES-ANTON','lara.fernandes-anton@endtg.com',0,1,'2022-01-31 08:14:45.523339','Lara');
INSERT INTO auth_user VALUES(181,'pbkdf2_sha256$260000$GolnZNokXuhKWDy5v2G654$EzLMpF2uqXFtnJsdRQ/JzZf7GpKBCqqMIfZq5CW/5ig=','2022-02-07 08:07:53.027369',0,'marco.abouzedi','ABOUZEDI','marco.abouzedi@endtg.com',0,1,'2022-01-31 08:15:03.160377','Marco');
INSERT INTO auth_user VALUES(182,'pbkdf2_sha256$260000$7yMkHalcGcc4arln8jSuJk$maziYqSP8UrS2gH4qf1DrhYhOFJyL9zFenhZbtE2SIo=','2022-02-07 08:04:06.518008',0,'alain.akpolat','AKPOLAT','alain.akpolat@endtg.com',0,1,'2022-01-31 08:15:22.813157','Alain');
INSERT INTO auth_user VALUES(183,'pbkdf2_sha256$260000$kdegs21Ge3PIaCmACJgY4R$fXENsVWofMQ+fb0wse7uIIySoOTDzgAagEoIyXhTSVM=','2022-02-07 08:38:34.647383',0,'arthur.blier','BLIER','arthur.blier@endtg.com',0,1,'2022-01-31 08:15:32.812948','ARTHUR');
INSERT INTO auth_user VALUES(184,'pbkdf2_sha256$260000$xDIWCCavK0eURpmsYrb4aG$gfwUt5wjseih95Z/8i7Pl/J/OQaJBpiJ475M1pgxGLY=','2022-02-07 08:08:56.556913',0,'martin.chateler','Chateler','martin.chateler@endtg.com',0,1,'2022-01-31 08:15:34.603832','Martin');
INSERT INTO auth_user VALUES(185,'pbkdf2_sha256$260000$qO3MnMQOlkg6nbw9oQljTq$6Ham4irvppPFnMYxgnG0Tzc5jc2gqQPcyNM3pAWAz9E=','2022-02-07 08:04:32.675819',0,'baptiste.girbal','GIRBAL','baptiste.girbal@endtg.com',0,1,'2022-01-31 08:15:48.130423','Baptiste');
INSERT INTO auth_user VALUES(186,'pbkdf2_sha256$260000$YBPnYkJl6YgCpvoUv4PMzg$E3yZIKHiAEuAms0Hjuf4JRvwqCddi3TYrlcl9sQTUls=','2022-02-07 08:08:28.622274',0,'adrien.coulont','Coulont','adrien.coulont@endtg.com',0,1,'2022-01-31 08:15:56.278362','Adrien');
INSERT INTO auth_user VALUES(187,'pbkdf2_sha256$260000$j4Oaw4sjB7zq9fP3kaXLJj$M8LArDpUJhA4S6JZN2VbNsIJG3kQwxWiw68uerM5gA8=','2022-02-07 08:06:41.694631',0,'emile.girbal','GIRBAL','emile.girbal@endtg.com',0,1,'2022-01-31 08:15:58.600921','Emile');
INSERT INTO auth_user VALUES(188,'pbkdf2_sha256$260000$OOBpfPHRKHYH7C4iLHYtJy$pfTLQbTj5ED0GjwScgTCG7mIXCMjo4Uqc7qq1baUYQU=','2022-02-07 08:06:47.740897',0,'ferdinand.chouteau-friermut','CHOUTEAU-FRIERMUT','ferdinand.chouteau-friermut@endtg.com',0,1,'2022-01-31 08:16:08.825563','FERDINAND');
INSERT INTO auth_user VALUES(189,'pbkdf2_sha256$260000$LygzAtFVtUAIoNs0RFBq8D$v5OBVKN1knpqrINYGgHEqxZ7mJx7YUpslxI9FnfuAec=','2022-02-07 08:06:03.349463',0,'roxane.dugue','DUGUE','roxane.dugue@endtg.com',0,1,'2022-01-31 08:16:50.936388','Roxane');
INSERT INTO auth_user VALUES(190,'pbkdf2_sha256$260000$nFWyqOQZRvLFjLOiDh4lt4$O3YQAqWJPl88Ev1vUw688Jb5btWSDxTY3BgKj3a5Kf8=','2022-02-07 08:10:13.025388',0,'camille.girbal','GIRBAL','camille.girbal@endtg.com',0,1,'2022-01-31 08:16:57.801121','Camille');
INSERT INTO auth_user VALUES(191,'pbkdf2_sha256$260000$9OJT0ViNL6ooR2mYb9Lsvh$F79JEIu/9TMjeNjbFt39okDwZuAO7O1yrjF5JbtB3cM=','2022-02-07 08:08:05.915377',0,'clemence.bonnafoux','BONNAFOUX','clemence.bonnafoux@endtg.com',0,1,'2022-01-31 08:17:53.722380','Clmence');
INSERT INTO auth_user VALUES(192,'pbkdf2_sha256$260000$EHd4hlXQ21OgqxUuTQ0PgU$Tp6RPrB7e5pN1RHsYR10he4SUtrh/7jAGyHVNU8yZ2Q=','2022-02-07 08:07:06.363325',0,'anatole.grecot-marechal','GRECOT MARECHAL','anatole.grecot-marechal@endtg.com',0,1,'2022-01-31 08:43:05.772292','Anatole');
INSERT INTO auth_user VALUES(193,'pbkdf2_sha256$260000$3yg7FOTuAyUpNkMZPHVGEI$0C9Y8z+4PaT6mY9GIyQeFr23QrAPzLKSsp7v4RbGRUw=','2022-02-07 08:34:32.952523',0,'victor.soubeille','SOUBEILLE','victor.soubeille@endtg.com',0,1,'2022-01-31 08:43:24.081911','Victor');
INSERT INTO auth_user VALUES(194,'pbkdf2_sha256$260000$DNP9SgBlx3AOrpZ2oCpdEL$y6jk8K5+K2WlUMlVqEryL7mjUjboiKLRuYJa8ugT1lk=','2022-02-07 08:34:36.052608',0,'jack.gu','GU','jack.gu@endtg.com',0,1,'2022-01-31 08:43:43.186038','Jack');
INSERT INTO auth_user VALUES(195,'pbkdf2_sha256$260000$slGQZbCQzcgJIxOpKedTCM$mPexSwyffffGDUqG51IG0Rg0D10+PynF0ZsjXx2RNSM=','2022-02-07 08:55:15.532771',0,'hadrien.taillier','TAILLIER','hadrien.taillier@endtg.com',0,1,'2022-01-31 08:44:13.637106','Hadrien');
INSERT INTO auth_user VALUES(196,'pbkdf2_sha256$260000$ffLGl8rPasv5gDGy8TbyjZ$6FH8JEuyPPFvWDkqhOUo/NZXnNcmNQLQNf6Eb6lupkk=','2022-02-07 08:37:21.725706',0,'shanez.kaci-mohamed','KACI MOHAMED','shanez.kaci-mohamed@endtg.com',0,1,'2022-01-31 08:44:40.626353','Shanez');
INSERT INTO auth_user VALUES(197,'pbkdf2_sha256$260000$mluF4jWkeyVUvsHmioAUHN$1ZC+je9o/ZP0KVeGhCiALnxygkTXPbaUHLYnLvHRWm4=','2022-02-07 08:35:17.389918',0,'iles.grim','GRIM','iles.grim@endtg.com',0,1,'2022-01-31 08:44:53.706228','Iles');
INSERT INTO auth_user VALUES(198,'pbkdf2_sha256$260000$rxrEIvkcxGHVbZEjdAk5YU$s0iy+P0c1l4pgnsZciqAcD6aADwJkcUb3xNnbmDIr9Q=','2022-02-07 08:35:50.554303',0,'hanae.ogoulamonier','OGOULAMONIER','hanae.ogoulamonier@endtg.com',0,1,'2022-01-31 08:45:23.521700','Hanae');
INSERT INTO auth_user VALUES(199,'pbkdf2_sha256$260000$7chvdmqydL4xvbKb1sCWlA$YpN4iySXZxQYZ3TBatrSwpcPkQp4nx+CVOXg8g7kb9c=','2022-01-31 08:49:19.348295',0,'rose.loubli','LOUBLI','rose.loubli@endtg.com',0,1,'2022-01-31 08:45:48.739026','rose');
INSERT INTO auth_user VALUES(200,'pbkdf2_sha256$260000$alPZ9XuVFuCqIeLrrIPUPU$gD/hSsB6NKvIkIthlfu5hCKIYxof7VVMQBs0F3wqV8Y=','2022-02-07 08:37:06.001440',0,'alicia.valton','VALTON','alicia.valton@endtg.com',0,1,'2022-01-31 08:46:20.990021','Alicia');
INSERT INTO auth_user VALUES(201,'pbkdf2_sha256$260000$6xUHp4aZz8ev3l6k1j8sr9$SFiMet3Q6SRRxcqIhfy8rMIU2dW17wooyFTak84cOak=','2022-01-31 08:46:49.131561',0,'sarah.zabulon','ZABULON','sarah.zabulon@endtg.com',0,1,'2022-01-31 08:46:40.496925','Sarah');
INSERT INTO auth_user VALUES(202,'pbkdf2_sha256$260000$AWn7g0uwMgAoYyuEO3m3M8$dG0p9bOca0/dDgpbGPit0dwBLUJ7bYmOIpDtU4FDKy4=','2022-02-07 08:35:16.120705',0,'alice.patte','PATTE','alice.patte@endtg.com',0,1,'2022-01-31 08:46:58.105981','Alice');
INSERT INTO auth_user VALUES(203,'pbkdf2_sha256$260000$MCl07Ubz8IiFIZVqZzItRC$f2Evvjc5nAq7kdqBrC7DCWRIrMFl92u6piHs/d2R9bA=','2022-02-07 08:35:07.987766',0,'solal.tranchand','TRANCHAND','solal.tranchand@endtg.com',0,1,'2022-01-31 08:47:52.818981','Solal');
INSERT INTO auth_user VALUES(204,'pbkdf2_sha256$260000$7SSj168Y8x8oWeIEcmuFS7$AQ/9tJluGsPWTFI/azfyMP/N21VVu+fGm1hmMHiBRUA=','2022-02-07 09:38:18.495654',0,'leo.luong','LUONG','leo.luong@endtg.com',0,1,'2022-01-31 09:41:05.765458','Leo');
INSERT INTO auth_user VALUES(205,'pbkdf2_sha256$260000$ZjWcOber9kLioP40erOk9E$TwQ3kwD1eZuJhklCkVRyoVZCKoO9EtPEp74Jdgl72bE=','2022-02-07 10:38:59.083282',0,'viktoria.stojkov','STOJKOV','viktoria.stojkov@endtg.com',0,1,'2022-01-31 10:40:02.690282','Viktoria');
INSERT INTO auth_user VALUES(206,'pbkdf2_sha256$260000$Jd7WO8eTPXO7RndqEY3Vwt$RLtAnNTNv5vIGocJXN/Ez5hHN8aOieazexHGyid8dOU=','2022-01-31 12:41:56.177923',0,'clara.coulont','COULONT','clara.coulont@endtg.com',0,1,'2022-01-31 12:41:46.058212','Clara');
INSERT INTO auth_user VALUES(207,'pbkdf2_sha256$260000$lpRETusZweeVGK3Aen1teN$Hf/nD5APTUAaGTXV7v6Zpj/3HvJhPNOvHH4E+WTcyhE=','2022-01-31 12:44:19.950665',0,'maxime.dubucq','DUBUCQ','maxime.dubucq@endtg.com',0,1,'2022-01-31 12:44:05.866421','Maxime');
INSERT INTO auth_user VALUES(208,'pbkdf2_sha256$260000$MsJ0dCXcj6PgFdOBPWWYt0$PKrjAarbIH1eJRmc9rY4do/KdcfFbgNAzbXFzChMkHY=','2022-01-31 12:49:48.766616',0,'sofia.bezditna-ladukhina','BEZDITNA LADUKHINA','sofia.bezditna-ladukhina@endtg.com',0,1,'2022-01-31 12:49:31.636247','Sofia');
INSERT INTO auth_user VALUES(209,'pbkdf2_sha256$260000$G76pn2A32RW11VKLV2d556$9HqpZyY0aH90R4gPouflWIMulngA8t2TonAjNOK+6fo=','2022-01-31 13:24:33.303985',0,'clemence.vignaud','VIGNAUD','clemence.vignaud@endtg.com',0,1,'2022-01-31 13:24:25.906584','Clmence');
INSERT INTO auth_user VALUES(210,'pbkdf2_sha256$260000$ENH9RRRKzluKrMpxup3WkX$0cCXtWGemK/PxS5AEysNRDXRUL28UWISvPxNivwgrFs=','2022-01-31 13:31:12.441495',0,'dany.samara','SAMARA','dany.samara@endtg.com',0,1,'2022-01-31 13:31:04.158643','Dany');
INSERT INTO auth_user VALUES(211,'pbkdf2_sha256$260000$IsW9HrvVzHKkprDhAwjgBP$qF1Le1krsIXfU9zXAe+CE3SuU6sW9WVUF6j0SVpNtas=','2022-06-20 17:00:29.899486',0,'clara.cavanna','CAVANNA','clara.cavanna@endtg.com',0,1,'2022-01-31 14:12:19.309385','Clara');
INSERT INTO auth_user VALUES(212,'pbkdf2_sha256$260000$vfJatwgnKjEIgV7jJhHs3w$44UwnXGuWKlwCoCIgsPoOnXRw/83NQEzcKV2BP+ykkI=','2022-01-31 14:53:25.649622',0,'oceane.bonnafoux','BONNAFOUX','oceane.bonnafoux@endtg.com',0,1,'2022-01-31 14:52:52.450181','Ocane');
CREATE TABLE IF NOT EXISTS `django_session` (`session_key` varchar(40) NOT NULL PRIMARY KEY, `session_data` text NOT NULL, `expire_date` datetime NOT NULL);
INSERT INTO django_session VALUES('gzbcha5rmxnj694waia87bgf8uv9yw3q','.eJxVjMsOwiAURP-FtSG8EZfu_QbCvZdK1UBS2pXx36VJF7qcM2fmzWLa1hK3npc4E7swyU6_DBI-c90LeqR6bxxbXZcZ-K7wo-381ii_rof7d1BSL2PtrdBKI0pEC8YnCROISTqrXdIUvFNBGAWOBlUmn322BF6M5IMBGdjnC9cSN5M:1mX44j:toXtBzcvkHklCljMfwEbiIZcSlwPUQLQ9o5yQbSeC48','2021-10-17 16:10:53.900059');
INSERT INTO django_session VALUES('rf47i1k43vsx029welzwsh78cqjinzbo','.eJxVjMsOwiAURP-FtSG8EZfu_QbCvZdK1UBS2pXx36VJF7qcM2fmzWLa1hK3npc4E7swyU6_DBI-c90LeqR6bxxbXZcZ-K7wo-381ii_rof7d1BSL2PtrdBKI0pEC8YnCROISTqrXdIUvFNBGAWOBlUmn322BF6M5IMBGdjnC9cSN5M:1mahFl:jNJMNf6ohkSemhyPhkb1F82F6VdPHTtIyuqPZcrUor0','2021-10-27 16:37:17.174926');
INSERT INTO django_session VALUES('npfiuh1mcv3ij3pj4i6ohr4umz25qz7m','e30:1makpV:YlZ99yHRn_CNGt387EW84yWrIm_3LASwe5ZaSVArpI4','2021-10-27 20:26:25.548483');
INSERT INTO django_session VALUES('u787gb5fw09uv7u5ehzlp7azzamwhyo1','.eJxVjMsOwiAURP-FtSG8EZfu_QbCvZdK1UBS2pXx36VJF7qcM2fmzWLa1hK3npc4E7swyU6_DBI-c90LeqR6bxxbXZcZ-K7wo-381ii_rof7d1BSL2PtrdBKI0pEC8YnCROISTqrXdIUvFNBGAWOBlUmn322BF6M5IMBGdjnC9cSN5M:1mdFKd:OoyhuhPBHUFxrsYzjwZBqAaB0eRIDf6v12PVt2kLaM8','2021-11-03 17:24:51.560059');
INSERT INTO django_session VALUES('8j30cyllwwtpkar0hqkkv367h6pk1382','.eJxVjMsOwiAURP-FtSG8EZfu_QbCvZdK1UBS2pXx36VJF7qcM2fmzWLa1hK3npc4E7swyU6_DBI-c90LeqR6bxxbXZcZ-K7wo-381ii_rof7d1BSL2PtrdBKI0pEC8YnCROISTqrXdIUvFNBGAWOBlUmn322BF6M5IMBGdjnC9cSN5M:1mfmWb:2xIsi4Z6CexNVfScdvWddeJAK67OciuoSJ1NfwGWx5k','2021-11-10 17:15:41.332335');
INSERT INTO django_session VALUES('j7zhgrb5ozuplxynmxffirgz127st0qf','.eJxVjDsOwjAQBe_iGlnx36akzxms3bWNA8iR4qRC3J1ESgHtm5n3ZhG2tcat5yVOiV2ZYpffDYGeuR0gPaDdZ05zW5cJ-aHwk3Y-zim_bqf7d1Ch173GknWwQVEoRvliBiE1FUjWFWNBaTQIIMkXK9PgkIQJUnpyIsPeIbHPF_IOOD0:1mg4EQ:5j67P0x0pAer2AozOvep_d7DOfVC4DQ10JptthFvIsQ','2021-11-11 12:10:06.048910');
INSERT INTO django_session VALUES('6rw7vnz4u0fr0wlkti3cq1apdobh4q5p','.eJxVjEEOwiAQRe_C2hAKLTAu3fcMZIAZqRqalHZlvLtt0oVu_3vvv0XAbS1ha7SEKYur0OLyu0VMT6oHyA-s91mmua7LFOWhyJM2Oc6ZXrfT_Tso2Mpeg_VeE3HvOTplWLtorTMIJnUEg2LoMRpQLnXsCXy_GzmiG0Axe0ji8wXaGTfY:1mgNEZ:7ztzf4GOhNpZmCjTyOq08Ysh1At1fs3rwdeBOIqOj38','2021-11-12 08:27:31.967399');
INSERT INTO django_session VALUES('rakv6bshjw3tz3dg1n9no1n4oyq1clxf','.eJxVjMsOwiAURP-FtSG8EZfu_QbCvZdK1UBS2pXx36VJF7qcM2fmzWLa1hK3npc4E7swyU6_DBI-c90LeqR6bxxbXZcZ-K7wo-381ii_rof7d1BSL2PtrdBKI0pEC8YnCROISTqrXdIUvFNBGAWOBlUmn322BF6M5IMBGdjnC9cSN5M:1mh7iJ:G1uu5I_gkiNw2UHQPB3GgrhzG9izYaGvd9rwKtPCr00','2021-11-14 10:05:19.107772');
INSERT INTO django_session VALUES('d9fm2wf6cv3f2zk4qwwelcgv7f8a2ji6','.eJxVjMsOwiAURP-FtSG8EZfu_QbCvZdK1UBS2pXx36VJF7qcM2fmzWLa1hK3npc4E7swyU6_DBI-c90LeqR6bxxbXZcZ-K7wo-381ii_rof7d1BSL2PtrdBKI0pEC8YnCROISTqrXdIUvFNBGAWOBlUmn322BF6M5IMBGdjnC9cSN5M:1mk7cq:52V22gbwgoYzVt9eezOqQq71TDGGcgyzDS6b7s2IFXo','2021-11-22 16:36:04.670069');
INSERT INTO django_session VALUES('i7tbitaw3gcjt6vt3d0svv6iyagynkbf','.eJxVjMsOwiAURP-FtSG8EZfu_QbCvZdK1UBS2pXx36VJF7qcM2fmzWLa1hK3npc4E7swyU6_DBI-c90LeqR6bxxbXZcZ-K7wo-381ii_rof7d1BSL2PtrdBKI0pEC8YnCROISTqrXdIUvFNBGAWOBlUmn322BF6M5IMBGdjnC9cSN5M:1mk7zL:sZJiWooEwcXMYC3-U8w6w7X6_giTNPTYMAvtiiIFyj8','2021-11-22 16:59:19.792800');
INSERT INTO django_session VALUES('1lh8xy68kw12njf7pdgh7s7jxjz90h6h','.eJxVjMsOwiAURP-FtSG8EZfu_QbCvZdK1UBS2pXx36VJF7qcM2fmzWLa1hK3npc4E7swyU6_DBI-c90LeqR6bxxbXZcZ-K7wo-381ii_rof7d1BSL2PtrdBKI0pEC8YnCROISTqrXdIUvFNBGAWOBlUmn322BF6M5IMBGdjnC9cSN5M:1mkWaH:HABYRtlv5ZNIE1FmVjuN_mG3RauTFmuaX-7yamToM8I','2021-11-23 19:15:05.798127');
INSERT INTO django_session VALUES('4z0fs4fs782j4gqqxmistlk7gqvb0azq','.eJxVjMsOwiAURP-FtSG8EZfu_QbCvZdK1UBS2pXx36VJF7qcM2fmzWLa1hK3npc4E7swyU6_DBI-c90LeqR6bxxbXZcZ-K7wo-381ii_rof7d1BSL2PtrdBKI0pEC8YnCROISTqrXdIUvFNBGAWOBlUmn322BF6M5IMBGdjnC9cSN5M:1mmWOl:Yq3L5sd6xKo4WVQsdbAPSXdBWwsWHsNoFkG_d382f2I','2021-11-29 07:27:27.934669');
INSERT INTO django_session VALUES('zogpwuucthf58p18euz0071tf5l91wvo','.eJxVjMsOwiAURP-FtSG8EZfu_QbCvZdK1UBS2pXx36VJF7qcM2fmzWLa1hK3npc4E7swyU6_DBI-c90LeqR6bxxbXZcZ-K7wo-381ii_rof7d1BSL2PtrdBKI0pEC8YnCROISTqrXdIUvFNBGAWOBlUmn322BF6M5IMBGdjnC9cSN5M:1n4I4X:w103rddx3RNSLuxmAdDVQ-YDt6Hl6a8WOe5pfHUPUGQ','2022-01-17 07:48:01.016790');
INSERT INTO django_session VALUES('wcpunu9i1q0gy9996mymqd71nbhsm0wo','.eJxVjMsOwiAURP-FtSG8EZfu_QbCvZdK1UBS2pXx36VJF7qcM2fmzWLa1hK3npc4E7swyU6_DBI-c90LeqR6bxxbXZcZ-K7wo-381ii_rof7d1BSL2PtrdBKI0pEC8YnCROISTqrXdIUvFNBGAWOBlUmn322BF6M5IMBGdjnC9cSN5M:1n9UqQ:b4XLqfq8aDeVHAT_4xoNTHPLr6jCKP2NQikXzaJXytY','2022-01-31 16:26:58.116263');
INSERT INTO django_session VALUES('34vbzgmnlpo87efrzooeseuv5llhnvdw','.eJxVjMsOwiAQRf-FtSEwvF269xvIwIBUDU1KuzL-uzbpQrf3nHNfLOK2triNssSJ2Jk5z06_Y8L8KH0ndMd-m3me-7pMie8KP-jg15nK83K4fwcNR_vWAbVOREV4gyQtoMsSQFQP2mhtVHUAwagcLCgCFFbl4qCArsFKCsDeH_ZENxo:1nBwSa:tMlPDt6PmaBYCaxRLpVLxXj8pzSlfYMBjj75-RtyI30','2022-02-07 10:20:28.358655');
INSERT INTO django_session VALUES('9ym04ko6dvm6sogulnfm1rrpx9az4ypi','.eJxVjEEOwiAQRe_C2hAKLTAu3fcMZIAZqRqalHZlvLtt0oVu_3vvv0XAbS1ha7SEKYur0OLyu0VMT6oHyA-s91mmua7LFOWhyJM2Oc6ZXrfT_Tso2Mpeg_VeE3HvOTplWLtorTMIJnUEg2LoMRpQLnXsCXy_GzmiG0Axe0ji8wXaGTfY:1nC1v1:djIJ9e-O_WLJUZUrNCmZ5jQUJkMCcF18-1Pp5KrvyXA','2022-02-07 16:10:11.059670');
INSERT INTO django_session VALUES('pmn0nyjyc79hathrwa7smrcrb5t4aha1','.eJxVjMsOwiAURP-FtSG8EZfu_QbCvZdK1UBS2pXx36VJF7qcM2fmzWLa1hK3npc4E7swyU6_DBI-c90LeqR6bxxbXZcZ-K7wo-381ii_rof7d1BSL2PtrdBKI0pEC8YnCROISTqrXdIUvFNBGAWOBlUmn322BF6M5IMBGdjnC9cSN5M:1nEGIY:BMmnWvmmnfHffKzQ3b5wk_Acb4VF0EfciuuQhkiFq2A','2022-02-13 19:55:42.539499');
INSERT INTO django_session VALUES('tbfszndlyekh2o08xkbvub8hr2x6idow','.eJxVjEEOwiAQRe_C2hAGOhRcuvcMZIBBqoYmpV0Z765NutDtf-_9lwi0rTVsnZcwZXEWAE6cftdI6cFtR_lO7TbLNLd1maLcFXnQLq9z5uflcP8OKvX6rVEZQuXHqFxUYMGwRsYIxMXo0RlvCTmZgYainbII1msdiYwqBDqTeH8ABZM3hQ:1nEWe1:4w4M2TJGEesBlaTTAISNqRDJRf41OSUfEork3rZxtXc','2022-02-14 13:22:57.397569');
INSERT INTO django_session VALUES('ojh8l4gwxbww5ab1kwzwgc9byoytbn6p','.eJxVjMsOwiAQRf-FtSGUKRRcuvcbyHSYkaqBpI-V8d-1SRe6veec-1IJt7WkbeE5TVmdVQdOnX7XEenBdUf5jvXWNLW6ztOod0UfdNHXlvl5Ody_g4JL-daGiJiyOAFveeDQ0xAZgMkOXRDs0UYYxQfPgs4EZ3pvHYQo2WQJXr0_VVM4tg:1nEY0R:1jZGgEVZ14tMnGT8e-I9_4BKqqa-z_d81H6EMmaWESY','2022-02-14 14:50:11.093359');
INSERT INTO django_session VALUES('9b0x4tclkj79pvjpqks4t36nrf4e7eky','.eJxVjMsOwiAURP-FtSG8EZfu_QbCvZdK1UBS2pXx36VJF7qcM2fmzWLa1hK3npc4E7swyU6_DBI-c90LeqR6bxxbXZcZ-K7wo-381ii_rof7d1BSL2PtrdBKI0pEC8YnCROISTqrXdIUvFNBGAWOBlUmn322BF6M5IMBGdjnC9cSN5M:1nEYN4:uMsRL9DDXbq72Uo3J_g8tfP7DafFXB1sJMO4qqej9zg','2022-02-14 15:13:34.509109');
INSERT INTO django_session VALUES('1c9ric0nknhdxr8afyyl4big8majc9h6','.eJxVjMsOwiAQRf-FtSFQHoJL9_0GMsMMUjU0Ke3K-O_apAvd3nPOfYkE21rT1nlJE4mL0CGK0--KkB_cdkR3aLdZ5rmty4RyV-RBuxxn4uf1cP8OKvT6rQsqhoBki6OYM4OLWuUAhq0fwFvW7oyGwFlvcLDKI5joC2oyNhSO4v0BXvQ4_Q:1nGz2B:mkGNVgEXY9zj5Fxz2roFFeT3ywdumZnlx-fgr4dD4As','2022-02-21 08:06:03.389439');
INSERT INTO django_session VALUES('o6otowubdmmco9l5woqbk0mnd37ia7i4','.eJxVjDsOwjAQBe_iGln-xjYlfc4QrXc3OIBsKU4qxN1RpBTQvpl5bzHBvpVp77xOC4mr0N6Iy--aAZ9cD0QPqPcmsdVtXbI8FHnSLsdG_Lqd7t9BgV6OOpmBAxBFBkMaNQY9-MTeGQhMbCMorZVyFhGCtTRnNMqGDD66WSXx-QJBoTiD:1nGzzQ:kxi8LUUf8RwlFTZXECQGjT5REHcwtK0dQEhgMNoVLY4','2022-02-21 09:07:16.672854');
INSERT INTO django_session VALUES('ppmmn4bsxprshpdy1dfs2ihhoohv8wbx','.eJxVjDkOwjAUBe_iGlk2XoIp6TlD9Bd_HEC2FCcV4u4QKQW0b2beS42wLmVce57HidVZ2ZjU4XdFoEeuG-I71FvT1OoyT6g3Re-062vj_Lzs7t9BgV6-dXLAeCTGIHwC44IAZ0nJQ-QhpxBBjM1ABIY9DDYGL2gdmcgOnRH1_gBy7zmt:1nH0WD:1vAlqhNKYDTK5B5kvpWlGySiN0kZMvZSausoLn6nTFw','2022-02-21 09:41:09.538467');
INSERT INTO django_session VALUES('ya9cdbxpz6i8v6shwuv31ll74titzzvd','.eJxVjDsOwjAQBe_iGlnxOvGHkj5nsHa9Dg4gW4qTCnF3EikFtDPz3lsE3NYctpaWMLO4Cg_i8gsJ4zOVw_ADy73KWMu6zCSPRJ62ybFyet3O9u8gY8v7uteo-omdjhyVmQBMNJpM5we984Q2snLEA4NDsM4DE3jjyHVWG04oPl8KqjgQ:1nH1PK:lw8pqEWs2EHlxIq3RStlCOqllGbuE-EzXg5dXWPw6uk','2022-02-21 10:38:06.798782');
INSERT INTO django_session VALUES('3aoq20zyhz28ourmyjrsvpbhtrw3safo','.eJxVjMsOwiAURP-FtSG8EZfu_QbCvZdK1UBS2pXx36VJF7qcM2fmzWLa1hK3npc4E7swyU6_DBI-c90LeqR6bxxbXZcZ-K7wo-381ii_rof7d1BSL2PtrdBKI0pEC8YnCROISTqrXdIUvFNBGAWOBlUmn322BF6M5IMBGdjnC9cSN5M:1nH3Av:778ma6yE2wVPxUlYZ2HD1i9AvHaf8qaCapP73-DoX3c','2022-02-21 12:31:21.933845');
INSERT INTO django_session VALUES('j76hm6giv0bf1i2rq1xdnb829vrh2gsy','.eJxVjMsOwiAURP-FtSG8EZfu_QbCvZdK1UBS2pXx36VJF7qcM2fmzWLa1hK3npc4E7swyU6_DBI-c90LeqR6bxxbXZcZ-K7wo-381ii_rof7d1BSL2PtrdBKI0pEC8YnCROISTqrXdIUvFNBGAWOBlUmn322BF6M5IMBGdjnC9cSN5M:1nH6hf:GbKBx-KrT-XTOjt6PU5lQefOadFjuA8tuS0_okeuXA0','2022-02-21 16:17:23.373213');
INSERT INTO django_session VALUES('fxp5c7l9lo7fq5wpgboz9863atkw5b0m','.eJxVjEEOwiAQRe_C2hAKLTAu3fcMZIAZqRqalHZlvLtt0oVu_3vvv0XAbS1ha7SEKYur0OLyu0VMT6oHyA-s91mmua7LFOWhyJM2Oc6ZXrfT_Tso2Mpeg_VeE3HvOTplWLtorTMIJnUEg2LoMRpQLnXsCXy_GzmiG0Axe0ji8wXaGTfY:1nH6to:ePeEGcJKE1bX86L2pqX1c_V0Xy08UnbR9LPvykQpZEs','2022-02-21 16:29:56.621961');
INSERT INTO django_session VALUES('yn9126drvrj0qoy4o3pt7hentb1j8i22','.eJxVjMsOwiAURP-FtSG8EZfu_QbCvZdK1UBS2pXx36VJF7qcM2fmzWLa1hK3npc4E7swyU6_DBI-c90LeqR6bxxbXZcZ-K7wo-381ii_rof7d1BSL2PtrdBKI0pEC8YnCROISTqrXdIUvFNBGAWOBlUmn322BF6M5IMBGdjnC9cSN5M:1nHAw4:cLSmJWivJl1l4142jM69F239TfjEqF7MzSF_4s4lP-o','2022-02-21 20:48:32.980635');
INSERT INTO django_session VALUES('y2pksz61uuaje3ct6hymhbejl14ks4bw','.eJxVjMsOwiAURP-FtSG8EZfu_QbCvZdK1UBS2pXx36VJF7qcM2fmzWLa1hK3npc4E7swyU6_DBI-c90LeqR6bxxbXZcZ-K7wo-381ii_rof7d1BSL2PtrdBKI0pEC8YnCROISTqrXdIUvFNBGAWOBlUmn322BF6M5IMBGdjnC9cSN5M:1nI80q:-CeHJIb8djmpS1yDEOYEyuGaRoSbnjunND2N4YNTzBY','2022-02-24 11:53:24.502813');
INSERT INTO django_session VALUES('bppkmtebziod8ebecj42d4a13c38ewnh','.eJxVjMsOwiAURP-FtSG8EZfu_QbCvZdK1UBS2pXx36VJF7qcM2fmzWLa1hK3npc4E7swyU6_DBI-c90LeqR6bxxbXZcZ-K7wo-381ii_rof7d1BSL2PtrdBKI0pEC8YnCROISTqrXdIUvFNBGAWOBlUmn322BF6M5IMBGdjnC9cSN5M:1nb5fA:hnhmbKy6UWTSSqr8MP7ubh6SXQAAsvfwW45GwtjY7vA','2022-04-17 19:13:24.141556');
INSERT INTO django_session VALUES('hzqiiiee061pjud1ofwqtpysn9q0jfde','.eJxVjMsOwiAURP-FtSG8EZfu_QbCvZdK1UBS2pXx36VJF7qcM2fmzWLa1hK3npc4E7swyU6_DBI-c90LeqR6bxxbXZcZ-K7wo-381ii_rof7d1BSL2PtrdBKI0pEC8YnCROISTqrXdIUvFNBGAWOBlUmn322BF6M5IMBGdjnC9cSN5M:1nbhbS:GD4nhTZVWeCZYmEkh0BVw71j3NoNiP6-EtLxjgZo9K0','2022-04-19 11:44:06.396562');
INSERT INTO django_session VALUES('vm906krfuh23u1srnj9tqq5e95h2of3j','.eJxVjMsOwiAURP-FtSG8EZfu_QbCvZdK1UBS2pXx36VJF7qcM2fmzWLa1hK3npc4E7swyU6_DBI-c90LeqR6bxxbXZcZ-K7wo-381ii_rof7d1BSL2PtrdBKI0pEC8YnCROISTqrXdIUvFNBGAWOBlUmn322BF6M5IMBGdjnC9cSN5M:1nc02Y:Y_AzesA-yPX8XpqbWKtjcd3u5J-umPMg5AUlUWPtAtA','2022-04-20 07:25:18.505369');
INSERT INTO django_session VALUES('iwxscklguwz5zy7p29aj91oz9mlcb3fn','.eJxVjMsOwiAURP-FtSG8EZfu_QbCvZdK1UBS2pXx36VJF7qcM2fmzWLa1hK3npc4E7swyU6_DBI-c90LeqR6bxxbXZcZ-K7wo-381ii_rof7d1BSL2PtrdBKI0pEC8YnCROISTqrXdIUvFNBGAWOBlUmn322BF6M5IMBGdjnC9cSN5M:1ndJNA:UyVI0SJaSj7ktkHdNMalLKwM0G9V_65n4srBhO2rlFY','2022-04-23 22:16:00.593295');
INSERT INTO django_session VALUES('mjwtlkrgvcc12s7ph5a3lc0w4fb6ztfl','.eJxVjMsOwiAURP-FtSG8EZfu_QbCvZdK1UBS2pXx36VJF7qcM2fmzWLa1hK3npc4E7swyU6_DBI-c90LeqR6bxxbXZcZ-K7wo-381ii_rof7d1BSL2PtrdBKI0pEC8YnCROISTqrXdIUvFNBGAWOBlUmn322BF6M5IMBGdjnC9cSN5M:1nhnRO:SMCxi4QF5UAyNQFTdbRgzAJ7KdxgH2qgL0Dgm7tjLAU','2022-05-06 07:10:54.186353');
INSERT INTO django_session VALUES('ewrw7xb5iuph11v6yu5zqrpv0k152gdk','.eJxVjMsOwiAURP-FtSG8EZfu_QbCvZdK1UBS2pXx36VJF7qcM2fmzWLa1hK3npc4E7swyU6_DBI-c90LeqR6bxxbXZcZ-K7wo-381ii_rof7d1BSL2PtrdBKI0pEC8YnCROISTqrXdIUvFNBGAWOBlUmn322BF6M5IMBGdjnC9cSN5M:1nkpW7:AislBMTaw1V1AA4KwS-WYE2PHUke2dzMobBKN_ipCao','2022-05-14 16:00:19.501125');
INSERT INTO django_session VALUES('r7da23zi6fok6gg6l4z9103guh62kf9z','.eJxVjMsOwiAURP-FtSG8EZfu_QbCvZdK1UBS2pXx36VJF7qcM2fmzWLa1hK3npc4E7swyU6_DBI-c90LeqR6bxxbXZcZ-K7wo-381ii_rof7d1BSL2PtrdBKI0pEC8YnCROISTqrXdIUvFNBGAWOBlUmn322BF6M5IMBGdjnC9cSN5M:1nqJTU:4JpFfDotnwXuJMyc5ISi_O5LXKuuSDFP1szJN0-CYpY','2022-05-29 19:00:16.086192');
INSERT INTO django_session VALUES('2jq3ne8p6pt5lymyl3p4vkhmlx0w7ie4','.eJxVjMsOwiAURP-FtSG8EZfu_QbCvZdK1UBS2pXx36VJF7qcM2fmzWLa1hK3npc4E7swyU6_DBI-c90LeqR6bxxbXZcZ-K7wo-381ii_rof7d1BSL2PtrdBKI0pEC8YnCROISTqrXdIUvFNBGAWOBlUmn322BF6M5IMBGdjnC9cSN5M:1ntBiy:crNk-lbk3zO1UePKdP3AWmB0hVuvbqzxkk0TxH1Ytd4','2022-06-06 17:20:08.914626');
INSERT INTO django_session VALUES('vru1qf8jrrl6eoj89r8j6sg3yd1olq75','.eJxVjDsOwjAQBe_iGln-fyjpOYO1a69xADlSnFSIu0OkFNC-mXkvlmBbW9oGLWkq7My0ZKffESE_qO-k3KHfZp7nvi4T8l3hBx38Ohd6Xg7376DBaN9aWjAyosJgo4eMSEQKiggOnJWuZOuC0NEYSdH6qlFoLysqMNFX6xx7fwAGvzes:1ntXGz:Mp4PrOe6fyY_ctP6-fx8yxH4cEAT6ks8uL20jBHTm0c','2022-06-07 16:20:41.496598');
INSERT INTO django_session VALUES('ekjmehhbpu1scbjfuwwxu8y3t4fhdukr','.eJxVjMsOwiAURP-FtSG8EZfu_QbCvZdK1UBS2pXx36VJF7qcM2fmzWLa1hK3npc4E7swyU6_DBI-c90LeqR6bxxbXZcZ-K7wo-381ii_rof7d1BSL2PtrdBKI0pEC8YnCROISTqrXdIUvFNBGAWOBlUmn322BF6M5IMBGdjnC9cSN5M:1ntaXw:zqJrRVtmuktgYEAJZ-owE-OKePScN3zJgO_sg8JoJsY','2022-06-07 19:50:24.853283');
INSERT INTO django_session VALUES('vbdcz7s8yc1o1bo90wo4i6bvrr3nsjou','.eJxVjMsOwiAURP-FtSG8EZfu_QbCvZdK1UBS2pXx36VJF7qcM2fmzWLa1hK3npc4E7swyU6_DBI-c90LeqR6bxxbXZcZ-K7wo-381ii_rof7d1BSL2PtrdBKI0pEC8YnCROISTqrXdIUvFNBGAWOBlUmn322BF6M5IMBGdjnC9cSN5M:1nxx9Y:HeXp-Aj8kKgPnwfORDDw3NsVbmgiM1EgmmMLt3FzJHo','2022-06-19 20:47:16.475312');
INSERT INTO django_session VALUES('ga7vmgrdtxz20u3r4pxo2ax93awt08ov','.eJxVjMsOwiAURP-FtSEF5FGX7v0Gwn0gVQNJaVfGf7dNutDlzDkzbxHTupS4dp7jROIitDj9dpDwyXUH9Ej13iS2uswTyF2RB-3y1ohf18P9Oyipl23tbdYDssoZhww2OAxsvVfKGhjAh_OWDVK2rMhwCsZrR6OG0XljkYP4fAHyUjga:1o0lXL:Plm75urgxpG0b9USQed0YnThuZKSxDwAkUqCsBcTaLY','2022-06-27 14:59:27.835760');
INSERT INTO django_session VALUES('jtgmg82qca6ivl5abv1gefmx0veq6qsc','.eJxVjMsOwiAQRf-FtSE8Bjpx6d5vIAwMUjWQlHZl_Hdt0oVu7znnvkSI21rDNngJcxZnoQHE6XelmB7cdpTvsd26TL2ty0xyV-RBh7z2zM_L4f4d1DjqtwYP4J2dEJ1FKk5rTqTAQGFdrOGMCgoolxCIozG-lElh1jozOZ9YvD8JmTgK:1o3HVd:-j4MJMguSBdtBX53p15U57oXhst0mYBS9ikxQeo67Yk','2022-07-04 13:32:05.421482');
INSERT INTO django_session VALUES('acnduvajq8pk6bklbr5z6pmfwyfsnonk','.eJxVjDEOwjAMRe-SGUU2tMFhZO8ZIjtOSAGlUtNOiLtDpQ6w_vfef5nA61LC2tIcRjUXgx2Yw-8qHB-pbkjvXG-TjVNd5lHsptidNjtMmp7X3f07KNzKt46khO4o4IWVFVLHkQlAvORekbwKyIl6IQTMQKQ-5uQ5upzpjM68P1CkOSY:1o3HcR:M_0tP9sYafpVNUeDAaU19OqSXhaxlJExNd-iLenXJvI','2022-07-04 13:39:07.583770');
INSERT INTO django_session VALUES('dl7vugraol2e3esi8a849k3sfekjkesz','.eJxVjEEOwiAQRe_C2pCBQhtcuvcMZIZhpGogKe3KeHdt0oVu_3vvv1TEbS1x63mJM6uzMoNTp9-VMD1y3RHfsd6aTq2uy0x6V_RBu742zs_L4f4dFOzlW-dxYJo40OiNgFgHIMFmJMveIznnBx8Sg0CS7AwyG2EUn8IEwVlQ7w9GEDjo:1o3HvS:5ekQM5TDWpvh3Gkig1rl3k52mubCc5bb5qgRtMVA2bA','2022-07-04 13:58:46.639409');
INSERT INTO django_session VALUES('6bgblz1itsbr01euhceyar74cmr3yty6','.eJxVjMsOwiAQRf-FtSGAPF269xvIDAxSNZCUdmX8d9ukC92ec-59swjrUuM6aI5TZhcmtWWnX4qQntR2lR_Q7p2n3pZ5Qr4n_LCD33qm1_Vo_w4qjLqtrXZaFACjHQkKxUivFEkXiktSWB_QKu-oSI9mQ5iMOgsPrngiQiPZ5wsaRjgl:1o3JTh:pLUkFueqkKSzsCtxbYXlXZNVzwvWK5bmxwVn5uws3gE','2022-07-04 15:38:13.726062');
INSERT INTO django_session VALUES('yerpj4wqupc58bxyf6j4dbjm9ko1dyny','.eJxVjDsOwjAQBe_iGlm2k9gxJX3OEO16d3EA2VI-FeLuJFIKaN_MvLcaYVvzuC08jxOpq3LWqsvvipCeXA5EDyj3qlMt6zyhPhR90kUPlfh1O92_gwxL3mvjDQSTkMQie8eNsSjoCFqJwj4K9dA1xpH4ELHbBWxBJLBPPQdB9fkCU-o5tg:1o3KhX:_BtU2OF8-jkGDs-H5yFlollunzwSjvQWgWlL0-umHik','2022-07-04 16:56:35.398324');
INSERT INTO django_session VALUES('01f146o35k78d4lqwl55dgn0wlws83jv','.eJxVjDsOwjAQBe_iGlm2k9gxJX3OEO16d3EA2VI-FeLuJFIKaN_MvLcaYVvzuC08jxOpq3LWqsvvipCeXA5EDyj3qlMt6zyhPhR90kUPlfh1O92_gwxL3mvjDQSTkMQie8eNsSjoCFqJwj4K9dA1xpH4ELHbBWxBJLBPPQdB9fkCU-o5tg:1o3KhY:nZhgZvdN7A0oto_eUtjMzO76icsK_VwFJPmweK_7RFU','2022-07-04 16:56:36.393332');
INSERT INTO django_session VALUES('993njj4m0s1ytjnsvavvjvtnfg9yznus','.eJxVjDsOwjAQBe_iGlm2k9gxJX3OEO16d3EA2VI-FeLuJFIKaN_MvLcaYVvzuC08jxOpq3LWqsvvipCeXA5EDyj3qlMt6zyhPhR90kUPlfh1O92_gwxL3mvjDQSTkMQie8eNsSjoCFqJwj4K9dA1xpH4ELHbBWxBJLBPPQdB9fkCU-o5tg:1o3KlJ:pPW2pR1WPmhZyLCG0wUCamOXRfOodrWelp_dgAxTEo0','2022-07-04 17:00:29.928727');
INSERT INTO django_session VALUES('05o12tp3kmhmwlfhd9fisxzjv2a94b78','.eJxVjDEOwjAMRe-SGUU2tMFhZO8ZIjtOSAGlUtNOiLtDpQ6w_vfef5nA61LC2tIcRjUXgx2Yw-8qHB-pbkjvXG-TjVNd5lHsptidNjtMmp7X3f07KNzKt46khO4o4IWVFVLHkQlAvORekbwKyIl6IQTMQKQ-5uQ5upzpjM68P1CkOSY:1o3O9q:YTn0no25tKBL-La5_qfbbyzFzt57Kp7_qqmZUcxTr18','2022-07-04 20:38:02.953125');
INSERT INTO django_session VALUES('bbn2k431xifnibvl5a2hi9vy8usk9p8q','.eJxVjMsOwiAURP-FtSG8EZfu_QbCvZdK1UBS2pXx36VJF7qcM2fmzWLa1hK3npc4E7swyU6_DBI-c90LeqR6bxxbXZcZ-K7wo-381ii_rof7d1BSL2PtrdBKI0pEC8YnCROISTqrXdIUvFNBGAWOBlUmn322BF6M5IMBGdjnC9cSN5M:1o3WGk:d1KGJRoMeOmOim81yAAWO1wa2XBpBqpUphjtSeSmM8k','2022-07-05 05:17:42.709550');
INSERT INTO django_session VALUES('mn4ricy0d6soivs9xhuktcx82g9x4f21','.eJxVjcEOwiAQRP-FsyEsZS149O43kKUsUjWQlPZk_Hdp0oPeJjNvZt7C07ZmvzVe_BzFRYABcfp1A01PLnsUH1TuVU61rMsc5I7II23yViO_rgf7N5Cp5d5Ggyk6q5XrF2RZh5EANQ6BoQuTcESwyU6KwxmcItIOBxoYGBXpKD5fCUM3kQ:1o4Rjv:cEbGUgWT83s74cNSNIk9XBp0_qZ8ITQkZVPfze2wqOw','2022-07-07 18:39:39.459547');
INSERT INTO django_session VALUES('gqkr37bylesavp38hv0cgs754o7c01s6','.eJxVjMsOwiAURP-FtSG8EZfu_QbCvZdK1UBS2pXx36VJF7qcM2fmzWLa1hK3npc4E7swyU6_DBI-c90LeqR6bxxbXZcZ-K7wo-381ii_rof7d1BSL2PtrdBKI0pEC8YnCROISTqrXdIUvFNBGAWOBlUmn322BF6M5IMBGdjnC9cSN5M:1o4dcX:TcMmBn7bEzQYNGtrUGrNwvElhGO3XPB-jh1JGPlAvDc','2022-07-08 07:20:49.888283');
INSERT INTO django_session VALUES('ac8c6i5cqp8xply67deoasklybb5js8e','.eJxVjDEOwjAMRe-SGUU2tMFhZO8ZIjtOSAGlUtNOiLtDpQ6w_vfef5nA61LC2tIcRjUXgx2Yw-8qHB-pbkjvXG-TjVNd5lHsptidNjtMmp7X3f07KNzKt46khO4o4IWVFVLHkQlAvORekbwKyIl6IQTMQKQ-5uQ5upzpjM68P1CkOSY:1o5oVp:w3dCT03LCAGfIFqUGZ2QLu6fl-4pFtofR3dsrkPq8EA','2022-07-11 13:10:45.036113');
INSERT INTO django_session VALUES('z939tph2u67opoa5y053e5gay4dmhj59','.eJxVjMsOwiAURP-FtSG8EZfu_QbCvZdK1UBS2pXx36VJF7qcM2fmzWLa1hK3npc4E7swyU6_DBI-c90LeqR6bxxbXZcZ-K7wo-381ii_rof7d1BSL2PtrdBKI0pEC8YnCROISTqrXdIUvFNBGAWOBlUmn322BF6M5IMBGdjnC9cSN5M:1o5oZ0:XXiPVpSg5Bc4PCiu3JE0xVyLzR1wQN8JOQ1H9uo8gZw','2022-07-11 13:14:02.388847');
INSERT INTO django_session VALUES('s25iwlnp3rpnrglqrfcggaa0ufoj7r1r','.eJxVjEEOwiAQRe_C2hCgHSgu3fcMzTAMUjWQlHZlvLsh6UK3_73332LBY8_L0Xhb1iiuQg9eXH7XgPTk0lF8YLlXSbXs2xpkV-RJm5xr5NftdP8OMrbc64FBsbLEYL0xLloYAyjixOydiRNrHFE51IEgoZ68tlFRQlJgOXnx-QI_WTj7:1o5oa4:YwEVQ683NSmEdBwOH3xPgdsdZ43dTNuETi5tuz6_ZJE','2022-07-11 13:15:08.815100');
INSERT INTO django_session VALUES('dn3v2e4qyfabommbxo1fitvyzvf9hlk1','.eJxVjMsOwiAQRf-FtSE8Bjpx6d5vIAwMUjWQlHZl_Hdt0oVu7znnvkSI21rDNngJcxZnoQHE6XelmB7cdpTvsd26TL2ty0xyV-RBh7z2zM_L4f4d1DjqtwYP4J2dEJ1FKk5rTqTAQGFdrOGMCgoolxCIozG-lElh1jozOZ9YvD8JmTgK:1o5oae:mnXFXUTdU-kByq6N1qHQ4JriQeIkVMqx9lQ0nGr1ezg','2022-07-11 13:15:44.976729');
INSERT INTO django_session VALUES('fx5ivkh1x4azde7qs6daumo672wvsmhr','.eJxVjMsOwiAURP-FtSG8EZfu_QbCvZdK1UBS2pXx36VJF7qcM2fmzWLa1hK3npc4E7swyU6_DBI-c90LeqR6bxxbXZcZ-K7wo-381ii_rof7d1BSL2PtrdBKI0pEC8YnCROISTqrXdIUvFNBGAWOBlUmn322BF6M5IMBGdjnC9cSN5M:1o5v6b:op8zAXECK0e62Gmv04yvJOTBFztmaniR5fm0fS6EpHQ','2022-07-11 20:13:09.669419');
INSERT INTO django_session VALUES('4z3qai5a1awkt7vc0knsdahx2hm1g2w8','.eJxVjEEOwiAQRe_C2hCgHSgu3fcMzTAMUjWQlHZlvLsh6UK3_73332LBY8_L0Xhb1iiuQg9eXH7XgPTk0lF8YLlXSbXs2xpkV-RJm5xr5NftdP8OMrbc64FBsbLEYL0xLloYAyjixOydiRNrHFE51IEgoZ68tlFRQlJgOXnx-QI_WTj7:1o6GHb:0cnL4mg-3e5OAMJzdoI6FCGf-I-KLX1C3Yd73ImyqNY','2022-07-12 18:49:55.805001');
INSERT INTO django_session VALUES('7ed1a44y4xy60u3xqksopzpjoq8qaxda','.eJxVjEEOwiAQRe_C2hCgHSgu3fcMzTAMUjWQlHZlvLsh6UK3_73332LBY8_L0Xhb1iiuQg9eXH7XgPTk0lF8YLlXSbXs2xpkV-RJm5xr5NftdP8OMrbc64FBsbLEYL0xLloYAyjixOydiRNrHFE51IEgoZ68tlFRQlJgOXnx-QI_WTj7:1o7a0f:z7OvLBixrjql0MahSyihxyl0aU_EsJquuHbdAppPQr4','2022-07-16 10:05:53.021873');
INSERT INTO django_session VALUES('15p5ld1uz6hr49safjgc6846a65if8gv','.eJxVjEEOgjAQRe_StWmAmTKtS_eegUxniqCmTSisjHdXEha6_e-9_zIDb-s0bDUtw6zmbFpozel3jSyPlHekd863YqXkdZmj3RV70GqvRdPzcrh_BxPX6VuPSZQAXB96EUHiGCmJNNh0oh5YPBEGCqOG6BpGdh0yKTjo0HsH5v0BSkk4RA:1o8fLW:zMLrFMLLbuXEnGcVFxPs9qgYp9V9dWvSdo71hD9ItoQ','2022-07-19 09:59:54.405271');
INSERT INTO django_session VALUES('3tov4zbx2ubeujm1htac9pkmsxt68l2k','.eJxVjMsOwiAQRf-FtSGAPF269xvIDAxSNZCUdmX8d9ukC92ec-59swjrUuM6aI5TZhcmtWWnX4qQntR2lR_Q7p2n3pZ5Qr4n_LCD33qm1_Vo_w4qjLqtrXZaFACjHQkKxUivFEkXiktSWB_QKu-oSI9mQ5iMOgsPrngiQiPZ5wsaRjgl:1o9v9N:tdZq9RGIhhFFeAqMH0AR_5Gvyn9hXxWtIISk_lbwX-0','2022-07-22 21:04:33.612221');
INSERT INTO django_session VALUES('rvr8fvwxgo9q7510enf3hjzaofcancfk','.eJxVjEEOgjAQRe_StWmAmTKtS_eegUxniqCmTSisjHdXEha6_e-9_zIDb-s0bDUtw6zmbFpozel3jSyPlHekd863YqXkdZmj3RV70GqvRdPzcrh_BxPX6VuPSZQAXB96EUHiGCmJNNh0oh5YPBEGCqOG6BpGdh0yKTjo0HsH5v0BSkk4RA:1oTIM4:nuC9Xz8HOerxeq0w7yaxsAsZCvCazEKAFGunZcA60X8','2022-09-14 07:41:44.178265');
INSERT INTO django_session VALUES('mnnztvdsk6qzqfx4nf3wk8zbx0ewfqjf','.eJxVjMsOwiAURP-FtSG8EZfu_QbCvZdK1UBS2pXx36VJF7qcM2fmzWLa1hK3npc4E7swyU6_DBI-c90LeqR6bxxbXZcZ-K7wo-381ii_rof7d1BSL2PtrdBKI0pEC8YnCROISTqrXdIUvFNBGAWOBlUmn322BF6M5IMBGdjnC9cSN5M:1oU3uV:HV8nES5-VzkcrEQiYh-yb7FHhoU6V2GEBBGWwcwCiHE','2022-09-16 10:28:27.072959');
INSERT INTO django_session VALUES('icrvzqnl5cix8y0zp6dngvh1x3tq1429','.eJxVjMsOwiAURP-FtSG8EZfu_QbCvZdK1UBS2pXx36VJF7qcM2fmzWLa1hK3npc4E7swyU6_DBI-c90LeqR6bxxbXZcZ-K7wo-381ii_rof7d1BSL2PtrdBKI0pEC8YnCROISTqrXdIUvFNBGAWOBlUmn322BF6M5IMBGdjnC9cSN5M:1oU4J3:2Tj5xHj1sHkn6Htv6nLZ2HOAd5qGaEml0ETtiLuosM4','2022-09-16 10:53:49.437526');
INSERT INTO django_session VALUES('9l8b0549wemvwjus75obifm3k9g0p85g','.eJxVjMsOwiAURP-FtSEF5FGX7v0Gwn0gVQNJaVfGf7dNutDlzDkzbxHTupS4dp7jROIitDj9dpDwyXUH9Ej13iS2uswTyF2RB-3y1ohf18P9Oyipl23tbdYDssoZhww2OAxsvVfKGhjAh_OWDVK2rMhwCsZrR6OG0XljkYP4fAHyUjga:1oVF1Y:mtWxk3A9WnGyKxwL8hKG54BoDBdAHMEEYjAhcJiUyAQ','2022-09-19 16:32:36.411708');
INSERT INTO django_session VALUES('fffhfhzpbd390lneeuxaytxsyyc122q4','.eJxVjDEOwjAMRe-SGUUOCRFhZOcMke3YpIBSqWknxN1ppQ6wvvf-f5uMy1zz0mXKQzEX483hlxHyU9omygPbfbQ8tnkayG6J3W23t7HI67q3fwcVe13XIQIdic_sXFKUiM6BA0Vm9U4lQgqg4jEJBRJEKiv1kePJc4Cg5vMFAyI4_A:1oVF4Q:U8paWu7NBKICLg6uKd0TyJ4wI0GjLyegPD6Y9vEm-OQ','2022-09-19 16:35:34.995142');
INSERT INTO django_session VALUES('64w60zjaodgae70akep8gxztfsb7tkz7','.eJxVjMsOwiAURP-FtSG8EZfu_QbCvZdK1UBS2pXx36VJF7qcM2fmzWLa1hK3npc4E7swyU6_DBI-c90LeqR6bxxbXZcZ-K7wo-381ii_rof7d1BSL2PtrdBKI0pEC8YnCROISTqrXdIUvFNBGAWOBlUmn322BF6M5IMBGdjnC9cSN5M:1oVbyU:fNIykIUWHFYGgsv9dSwNcUNzHXmSoPRIG1UvohTC6Qs','2022-09-20 17:02:58.956554');
CREATE TABLE IF NOT EXISTS `games_letterscore` (`id` integer NOT NULL PRIMARY KEY AUTO_INCREMENT, `score` integer NOT NULL, `level` varchar(1) NOT NULL, `user_id` integer NOT NULL REFERENCES `auth_user` (`id`) );
INSERT INTO games_letterscore VALUES(1,81,'1',1);
INSERT INTO games_letterscore VALUES(2,10,'2',1);
INSERT INTO games_letterscore VALUES(3,70,'3',1);
INSERT INTO games_letterscore VALUES(4,22,'1',3);
INSERT INTO games_letterscore VALUES(5,74,'1',4);
INSERT INTO games_letterscore VALUES(6,47,'1',2);
INSERT INTO games_letterscore VALUES(7,22,'1',78);
INSERT INTO games_letterscore VALUES(8,31,'1',65);
INSERT INTO games_letterscore VALUES(9,25,'1',73);
INSERT INTO games_letterscore VALUES(10,35,'1',69);
INSERT INTO games_letterscore VALUES(11,37,'1',67);
INSERT INTO games_letterscore VALUES(12,38,'1',71);
INSERT INTO games_letterscore VALUES(13,26,'1',75);
INSERT INTO games_letterscore VALUES(14,30,'1',74);
INSERT INTO games_letterscore VALUES(15,24,'1',72);
INSERT INTO games_letterscore VALUES(16,30,'1',77);
INSERT INTO games_letterscore VALUES(17,30,'1',66);
INSERT INTO games_letterscore VALUES(18,26,'1',76);
INSERT INTO games_letterscore VALUES(19,24,'1',64);
INSERT INTO games_letterscore VALUES(20,26,'1',70);
INSERT INTO games_letterscore VALUES(21,23,'1',68);
INSERT INTO games_letterscore VALUES(22,26,'1',89);
INSERT INTO games_letterscore VALUES(23,29,'1',92);
INSERT INTO games_letterscore VALUES(24,32,'1',81);
INSERT INTO games_letterscore VALUES(25,36,'1',86);
INSERT INTO games_letterscore VALUES(26,34,'1',79);
INSERT INTO games_letterscore VALUES(27,48,'1',80);
INSERT INTO games_letterscore VALUES(28,38,'1',83);
INSERT INTO games_letterscore VALUES(29,25,'1',90);
INSERT INTO games_letterscore VALUES(30,18,'1',88);
INSERT INTO games_letterscore VALUES(31,36,'1',84);
INSERT INTO games_letterscore VALUES(32,36,'1',87);
INSERT INTO games_letterscore VALUES(33,40,'1',82);
INSERT INTO games_letterscore VALUES(34,30,'1',91);
INSERT INTO games_letterscore VALUES(35,30,'2',79);
INSERT INTO games_letterscore VALUES(36,36,'1',85);
INSERT INTO games_letterscore VALUES(37,34,'2',84);
INSERT INTO games_letterscore VALUES(38,15,'2',89);
INSERT INTO games_letterscore VALUES(39,32,'2',83);
INSERT INTO games_letterscore VALUES(40,45,'2',80);
INSERT INTO games_letterscore VALUES(41,28,'2',87);
INSERT INTO games_letterscore VALUES(42,29,'3',84);
INSERT INTO games_letterscore VALUES(43,10,'3',89);
INSERT INTO games_letterscore VALUES(44,24,'2',86);
INSERT INTO games_letterscore VALUES(45,17,'2',92);
INSERT INTO games_letterscore VALUES(46,35,'1',93);
INSERT INTO games_letterscore VALUES(47,40,'1',94);
INSERT INTO games_letterscore VALUES(48,32,'3',93);
INSERT INTO games_letterscore VALUES(49,21,'1',103);
INSERT INTO games_letterscore VALUES(50,36,'1',98);
INSERT INTO games_letterscore VALUES(51,39,'1',100);
INSERT INTO games_letterscore VALUES(52,52,'1',102);
INSERT INTO games_letterscore VALUES(53,35,'1',97);
INSERT INTO games_letterscore VALUES(54,42,'1',96);
INSERT INTO games_letterscore VALUES(55,31,'1',101);
INSERT INTO games_letterscore VALUES(56,52,'1',99);
INSERT INTO games_letterscore VALUES(57,30,'1',104);
INSERT INTO games_letterscore VALUES(59,26,'2',94);
INSERT INTO games_letterscore VALUES(60,39,'2',2);
INSERT INTO games_letterscore VALUES(61,30,'2',96);
INSERT INTO games_letterscore VALUES(62,30,'2',93);
INSERT INTO games_letterscore VALUES(63,22,'2',100);
INSERT INTO games_letterscore VALUES(64,34,'3',2);
INSERT INTO games_letterscore VALUES(65,30,'3',96);
INSERT INTO games_letterscore VALUES(66,9,'2',98);
INSERT INTO games_letterscore VALUES(67,7,'2',104);
INSERT INTO games_letterscore VALUES(68,34,'2',99);
INSERT INTO games_letterscore VALUES(69,44,'2',102);
INSERT INTO games_letterscore VALUES(70,21,'3',100);
INSERT INTO games_letterscore VALUES(71,39,'3',102);
INSERT INTO games_letterscore VALUES(72,18,'2',97);
INSERT INTO games_letterscore VALUES(73,30,'4',93);
INSERT INTO games_letterscore VALUES(75,6,'3',98);
INSERT INTO games_letterscore VALUES(76,0,'3',104);
INSERT INTO games_letterscore VALUES(77,33,'4',2);
INSERT INTO games_letterscore VALUES(78,23,'4',96);
INSERT INTO games_letterscore VALUES(79,14,'4',104);
INSERT INTO games_letterscore VALUES(80,2,'4',97);
INSERT INTO games_letterscore VALUES(81,24,'4',102);
INSERT INTO games_letterscore VALUES(82,20,'4',98);
INSERT INTO games_letterscore VALUES(83,16,'4',100);
INSERT INTO games_letterscore VALUES(85,25,'3',94);
INSERT INTO games_letterscore VALUES(86,38,'1',107);
INSERT INTO games_letterscore VALUES(87,71,'1',105);
INSERT INTO games_letterscore VALUES(88,34,'1',106);
INSERT INTO games_letterscore VALUES(89,22,'1',115);
INSERT INTO games_letterscore VALUES(90,40,'1',110);
INSERT INTO games_letterscore VALUES(91,50,'1',116);
INSERT INTO games_letterscore VALUES(92,30,'1',114);
INSERT INTO games_letterscore VALUES(93,50,'1',108);
INSERT INTO games_letterscore VALUES(94,40,'1',109);
INSERT INTO games_letterscore VALUES(96,58,'2',105);
INSERT INTO games_letterscore VALUES(97,37,'1',113);
INSERT INTO games_letterscore VALUES(98,44,'1',117);
INSERT INTO games_letterscore VALUES(99,41,'1',118);
INSERT INTO games_letterscore VALUES(100,58,'3',105);
INSERT INTO games_letterscore VALUES(102,13,'2',115);
INSERT INTO games_letterscore VALUES(103,52,'4',105);
INSERT INTO games_letterscore VALUES(104,35,'2',110);
INSERT INTO games_letterscore VALUES(105,10,'4',117);
INSERT INTO games_letterscore VALUES(106,30,'2',108);
INSERT INTO games_letterscore VALUES(107,17,'4',115);
INSERT INTO games_letterscore VALUES(108,19,'2',117);
INSERT INTO games_letterscore VALUES(109,20,'2',116);
INSERT INTO games_letterscore VALUES(110,12,'2',109);
INSERT INTO games_letterscore VALUES(111,18,'2',113);
INSERT INTO games_letterscore VALUES(112,14,'2',106);
INSERT INTO games_letterscore VALUES(113,13,'2',114);
INSERT INTO games_letterscore VALUES(114,19,'4',116);
INSERT INTO games_letterscore VALUES(116,16,'3',117);
INSERT INTO games_letterscore VALUES(118,25,'2',118);
INSERT INTO games_letterscore VALUES(119,34,'3',110);
INSERT INTO games_letterscore VALUES(120,36,'3',108);
INSERT INTO games_letterscore VALUES(121,20,'4',118);
INSERT INTO games_letterscore VALUES(122,30,'4',108);
INSERT INTO games_letterscore VALUES(123,31,'4',110);
INSERT INTO games_letterscore VALUES(124,56,'1',119);
INSERT INTO games_letterscore VALUES(125,30,'1',120);
INSERT INTO games_letterscore VALUES(126,60,'1',131);
INSERT INTO games_letterscore VALUES(127,64,'1',130);
INSERT INTO games_letterscore VALUES(128,38,'1',124);
INSERT INTO games_letterscore VALUES(129,24,'4',120);
INSERT INTO games_letterscore VALUES(130,40,'1',126);
INSERT INTO games_letterscore VALUES(131,46,'1',129);
INSERT INTO games_letterscore VALUES(132,45,'1',127);
INSERT INTO games_letterscore VALUES(133,48,'1',128);
INSERT INTO games_letterscore VALUES(134,50,'1',125);
INSERT INTO games_letterscore VALUES(135,56,'1',121);
INSERT INTO games_letterscore VALUES(136,61,'1',122);
INSERT INTO games_letterscore VALUES(137,34,'1',133);
INSERT INTO games_letterscore VALUES(138,55,'2',130);
INSERT INTO games_letterscore VALUES(140,50,'1',134);
INSERT INTO games_letterscore VALUES(141,39,'2',128);
INSERT INTO games_letterscore VALUES(142,27,'3',130);
INSERT INTO games_letterscore VALUES(143,39,'2',121);
INSERT INTO games_letterscore VALUES(144,24,'2',120);
INSERT INTO games_letterscore VALUES(145,28,'2',126);
INSERT INTO games_letterscore VALUES(147,34,'2',129);
INSERT INTO games_letterscore VALUES(148,44,'2',122);
INSERT INTO games_letterscore VALUES(149,40,'2',125);
INSERT INTO games_letterscore VALUES(150,38,'2',127);
INSERT INTO games_letterscore VALUES(151,30,'3',128);
INSERT INTO games_letterscore VALUES(152,21,'2',133);
INSERT INTO games_letterscore VALUES(153,38,'1',132);
INSERT INTO games_letterscore VALUES(155,36,'4',130);
INSERT INTO games_letterscore VALUES(156,25,'3',129);
INSERT INTO games_letterscore VALUES(157,38,'2',134);
INSERT INTO games_letterscore VALUES(158,25,'4',128);
INSERT INTO games_letterscore VALUES(159,36,'3',121);
INSERT INTO games_letterscore VALUES(161,25,'3',120);
INSERT INTO games_letterscore VALUES(162,37,'3',127);
INSERT INTO games_letterscore VALUES(163,14,'4',132);
INSERT INTO games_letterscore VALUES(164,37,'2',131);
INSERT INTO games_letterscore VALUES(165,39,'3',131);
INSERT INTO games_letterscore VALUES(166,31,'3',125);
INSERT INTO games_letterscore VALUES(167,40,'4',121);
INSERT INTO games_letterscore VALUES(168,18,'5',134);
INSERT INTO games_letterscore VALUES(169,36,'3',122);
INSERT INTO games_letterscore VALUES(170,51,'5',130);
INSERT INTO games_letterscore VALUES(171,17,'5',120);
INSERT INTO games_letterscore VALUES(172,27,'2',124);
INSERT INTO games_letterscore VALUES(173,27,'4',131);
INSERT INTO games_letterscore VALUES(174,37,'4',122);
INSERT INTO games_letterscore VALUES(175,28,'4',127);
INSERT INTO games_letterscore VALUES(176,32,'4',125);
INSERT INTO games_letterscore VALUES(177,0,'5',125);
INSERT INTO games_letterscore VALUES(178,8,'3',126);
INSERT INTO games_letterscore VALUES(179,62,'1',136);
INSERT INTO games_letterscore VALUES(180,42,'1',137);
INSERT INTO games_letterscore VALUES(182,47,'1',142);
INSERT INTO games_letterscore VALUES(183,53,'1',149);
INSERT INTO games_letterscore VALUES(184,33,'1',138);
INSERT INTO games_letterscore VALUES(185,33,'1',147);
INSERT INTO games_letterscore VALUES(186,58,'1',139);
INSERT INTO games_letterscore VALUES(187,44,'1',135);
INSERT INTO games_letterscore VALUES(188,60,'1',146);
INSERT INTO games_letterscore VALUES(189,48,'2',136);
INSERT INTO games_letterscore VALUES(190,37,'1',148);
INSERT INTO games_letterscore VALUES(191,48,'1',140);
INSERT INTO games_letterscore VALUES(192,50,'1',144);
INSERT INTO games_letterscore VALUES(193,49,'1',141);
INSERT INTO games_letterscore VALUES(194,20,'3',136);
INSERT INTO games_letterscore VALUES(195,27,'2',138);
INSERT INTO games_letterscore VALUES(196,29,'2',142);
INSERT INTO games_letterscore VALUES(197,60,'2',146);
INSERT INTO games_letterscore VALUES(199,41,'2',139);
INSERT INTO games_letterscore VALUES(200,25,'2',135);
INSERT INTO games_letterscore VALUES(201,35,'5',141);
INSERT INTO games_letterscore VALUES(202,20,'5',148);
INSERT INTO games_letterscore VALUES(203,26,'2',149);
INSERT INTO games_letterscore VALUES(204,33,'2',144);
INSERT INTO games_letterscore VALUES(205,28,'2',137);
INSERT INTO games_letterscore VALUES(206,12,'3',138);
INSERT INTO games_letterscore VALUES(207,22,'2',147);
INSERT INTO games_letterscore VALUES(208,38,'1',150);
INSERT INTO games_letterscore VALUES(209,60,'3',146);
INSERT INTO games_letterscore VALUES(210,38,'2',141);
INSERT INTO games_letterscore VALUES(211,34,'3',139);
INSERT INTO games_letterscore VALUES(212,34,'2',148);
INSERT INTO games_letterscore VALUES(213,35,'2',140);
INSERT INTO games_letterscore VALUES(215,34,'4',139);
INSERT INTO games_letterscore VALUES(216,29,'3',148);
INSERT INTO games_letterscore VALUES(217,22,'3',142);
INSERT INTO games_letterscore VALUES(219,41,'3',141);
INSERT INTO games_letterscore VALUES(220,29,'4',148);
INSERT INTO games_letterscore VALUES(221,25,'2',150);
INSERT INTO games_letterscore VALUES(222,77,'1',151);
INSERT INTO games_letterscore VALUES(223,36,'4',141);
INSERT INTO games_letterscore VALUES(225,27,'3',149);
INSERT INTO games_letterscore VALUES(226,43,'2',151);
INSERT INTO games_letterscore VALUES(227,28,'3',144);
INSERT INTO games_letterscore VALUES(228,47,'4',146);
INSERT INTO games_letterscore VALUES(229,28,'4',149);
INSERT INTO games_letterscore VALUES(230,23,'1',186);
INSERT INTO games_letterscore VALUES(231,24,'1',184);
INSERT INTO games_letterscore VALUES(232,37,'1',179);
INSERT INTO games_letterscore VALUES(233,30,'1',187);
INSERT INTO games_letterscore VALUES(234,26,'1',183);
INSERT INTO games_letterscore VALUES(235,24,'1',180);
INSERT INTO games_letterscore VALUES(236,30,'1',182);
INSERT INTO games_letterscore VALUES(237,22,'1',189);
INSERT INTO games_letterscore VALUES(238,26,'1',181);
INSERT INTO games_letterscore VALUES(239,32,'1',191);
INSERT INTO games_letterscore VALUES(240,35,'1',188);
INSERT INTO games_letterscore VALUES(241,25,'1',185);
INSERT INTO games_letterscore VALUES(242,28,'1',190);
INSERT INTO games_letterscore VALUES(243,19,'2',188);
INSERT INTO games_letterscore VALUES(244,24,'2',182);
INSERT INTO games_letterscore VALUES(245,13,'2',183);
INSERT INTO games_letterscore VALUES(246,17,'2',180);
INSERT INTO games_letterscore VALUES(247,21,'1',192);
INSERT INTO games_letterscore VALUES(248,24,'1',193);
INSERT INTO games_letterscore VALUES(249,22,'1',195);
INSERT INTO games_letterscore VALUES(250,26,'1',198);
INSERT INTO games_letterscore VALUES(251,26,'1',197);
INSERT INTO games_letterscore VALUES(252,25,'1',202);
INSERT INTO games_letterscore VALUES(253,24,'1',201);
INSERT INTO games_letterscore VALUES(254,18,'1',196);
INSERT INTO games_letterscore VALUES(255,31,'1',203);
INSERT INTO games_letterscore VALUES(256,30,'1',194);
INSERT INTO games_letterscore VALUES(257,28,'1',200);
INSERT INTO games_letterscore VALUES(258,18,'1',199);
INSERT INTO games_letterscore VALUES(259,18,'2',193);
INSERT INTO games_letterscore VALUES(260,13,'2',202);
INSERT INTO games_letterscore VALUES(261,18,'2',203);
INSERT INTO games_letterscore VALUES(262,0,'2',196);
INSERT INTO games_letterscore VALUES(263,5,'2',194);
INSERT INTO games_letterscore VALUES(264,15,'1',166);
INSERT INTO games_letterscore VALUES(265,17,'1',164);
INSERT INTO games_letterscore VALUES(266,19,'1',160);
INSERT INTO games_letterscore VALUES(267,30,'1',165);
INSERT INTO games_letterscore VALUES(268,20,'1',162);
INSERT INTO games_letterscore VALUES(269,25,'1',159);
INSERT INTO games_letterscore VALUES(270,15,'1',152);
INSERT INTO games_letterscore VALUES(271,21,'1',174);
INSERT INTO games_letterscore VALUES(272,24,'1',155);
INSERT INTO games_letterscore VALUES(273,21,'1',171);
INSERT INTO games_letterscore VALUES(274,25,'1',176);
INSERT INTO games_letterscore VALUES(275,35,'1',154);
INSERT INTO games_letterscore VALUES(276,14,'1',173);
INSERT INTO games_letterscore VALUES(277,17,'2',165);
INSERT INTO games_letterscore VALUES(278,14,'2',160);
INSERT INTO games_letterscore VALUES(279,11,'2',159);
INSERT INTO games_letterscore VALUES(280,17,'2',152);
INSERT INTO games_letterscore VALUES(281,9,'2',164);
INSERT INTO games_letterscore VALUES(282,2,'3',164);
INSERT INTO games_letterscore VALUES(283,10,'3',160);
INSERT INTO games_letterscore VALUES(284,5,'4',174);
INSERT INTO games_letterscore VALUES(285,4,'2',171);
INSERT INTO games_letterscore VALUES(286,16,'1',169);
INSERT INTO games_letterscore VALUES(287,15,'1',158);
INSERT INTO games_letterscore VALUES(288,30,'1',170);
INSERT INTO games_letterscore VALUES(289,16,'1',153);
INSERT INTO games_letterscore VALUES(290,28,'1',161);
INSERT INTO games_letterscore VALUES(291,19,'1',177);
INSERT INTO games_letterscore VALUES(292,32,'1',167);
INSERT INTO games_letterscore VALUES(293,24,'1',175);
INSERT INTO games_letterscore VALUES(294,15,'1',178);
INSERT INTO games_letterscore VALUES(295,21,'1',163);
INSERT INTO games_letterscore VALUES(296,31,'1',156);
INSERT INTO games_letterscore VALUES(297,19,'1',204);
INSERT INTO games_letterscore VALUES(298,10,'1',168);
INSERT INTO games_letterscore VALUES(299,8,'2',161);
INSERT INTO games_letterscore VALUES(300,15,'2',156);
INSERT INTO games_letterscore VALUES(301,13,'2',204);
INSERT INTO games_letterscore VALUES(302,25,'2',167);
INSERT INTO games_letterscore VALUES(303,16,'2',170);
INSERT INTO games_letterscore VALUES(304,19,'2',76);
INSERT INTO games_letterscore VALUES(305,15,'2',78);
INSERT INTO games_letterscore VALUES(306,32,'2',71);
INSERT INTO games_letterscore VALUES(307,17,'2',66);
INSERT INTO games_letterscore VALUES(308,26,'2',74);
INSERT INTO games_letterscore VALUES(309,21,'2',77);
INSERT INTO games_letterscore VALUES(310,33,'2',69);
INSERT INTO games_letterscore VALUES(311,18,'2',73);
INSERT INTO games_letterscore VALUES(312,15,'2',68);
INSERT INTO games_letterscore VALUES(313,20,'1',205);
INSERT INTO games_letterscore VALUES(314,19,'4',84);
INSERT INTO games_letterscore VALUES(315,18,'2',90);
INSERT INTO games_letterscore VALUES(316,29,'2',82);
INSERT INTO games_letterscore VALUES(317,23,'2',81);
INSERT INTO games_letterscore VALUES(318,16,'2',91);
INSERT INTO games_letterscore VALUES(319,4,'2',205);
INSERT INTO games_letterscore VALUES(320,23,'3',83);
INSERT INTO games_letterscore VALUES(321,33,'5',2);
INSERT INTO games_letterscore VALUES(322,46,'5',93);
INSERT INTO games_letterscore VALUES(323,41,'5',102);
INSERT INTO games_letterscore VALUES(324,10,'5',96);
INSERT INTO games_letterscore VALUES(325,36,'1',206);
INSERT INTO games_letterscore VALUES(326,17,'5',100);
INSERT INTO games_letterscore VALUES(327,40,'1',207);
INSERT INTO games_letterscore VALUES(328,33,'1',208);
INSERT INTO games_letterscore VALUES(329,12,'4',207);
INSERT INTO games_letterscore VALUES(330,20,'2',207);
INSERT INTO games_letterscore VALUES(331,26,'3',207);
INSERT INTO games_letterscore VALUES(332,21,'5',94);
INSERT INTO games_letterscore VALUES(333,62,'5',1);
INSERT INTO games_letterscore VALUES(334,21,'5',116);
INSERT INTO games_letterscore VALUES(335,50,'5',105);
INSERT INTO games_letterscore VALUES(336,42,'1',209);
INSERT INTO games_letterscore VALUES(337,22,'5',117);
INSERT INTO games_letterscore VALUES(338,30,'1',210);
INSERT INTO games_letterscore VALUES(339,29,'5',122);
INSERT INTO games_letterscore VALUES(340,10,'5',129);
INSERT INTO games_letterscore VALUES(341,59,'1',211);
INSERT INTO games_letterscore VALUES(342,46,'2',211);
INSERT INTO games_letterscore VALUES(343,0,'5',124);
INSERT INTO games_letterscore VALUES(344,43,'3',211);
INSERT INTO games_letterscore VALUES(345,20,'3',134);
INSERT INTO games_letterscore VALUES(346,27,'4',129);
INSERT INTO games_letterscore VALUES(347,31,'5',128);
INSERT INTO games_letterscore VALUES(348,57,'1',212);
INSERT INTO games_letterscore VALUES(349,25,'5',144);
INSERT INTO games_letterscore VALUES(350,35,'5',212);
INSERT INTO games_letterscore VALUES(351,45,'5',149);
INSERT INTO games_letterscore VALUES(352,37,'5',136);
INSERT INTO games_letterscore VALUES(353,26,'3',137);
INSERT INTO games_letterscore VALUES(354,49,'5',146);
INSERT INTO games_letterscore VALUES(355,32,'3',140);
INSERT INTO games_letterscore VALUES(356,20,'4',140);
INSERT INTO games_letterscore VALUES(357,6,'4',137);
INSERT INTO games_letterscore VALUES(358,24,'5',137);
INSERT INTO games_letterscore VALUES(359,22,'2',187);
INSERT INTO games_letterscore VALUES(360,18,'2',189);
INSERT INTO games_letterscore VALUES(361,34,'1',13);
INSERT INTO games_letterscore VALUES(362,36,'2',179);
INSERT INTO games_letterscore VALUES(363,20,'2',190);
INSERT INTO games_letterscore VALUES(364,9,'2',181);
INSERT INTO games_letterscore VALUES(365,14,'2',184);
INSERT INTO games_letterscore VALUES(366,22,'2',191);
INSERT INTO games_letterscore VALUES(367,30,'2',13);
INSERT INTO games_letterscore VALUES(368,23,'3',187);
INSERT INTO games_letterscore VALUES(369,12,'3',180);
INSERT INTO games_letterscore VALUES(370,12,'3',181);
INSERT INTO games_letterscore VALUES(371,20,'3',182);
INSERT INTO games_letterscore VALUES(372,16,'2',192);
INSERT INTO games_letterscore VALUES(373,33,'3',179);
INSERT INTO games_letterscore VALUES(374,6,'4',187);
INSERT INTO games_letterscore VALUES(375,25,'2',185);
INSERT INTO games_letterscore VALUES(376,24,'4',182);
INSERT INTO games_letterscore VALUES(377,9,'3',186);
INSERT INTO games_letterscore VALUES(378,21,'4',179);
INSERT INTO games_letterscore VALUES(379,25,'3',191);
INSERT INTO games_letterscore VALUES(380,24,'1',29);
INSERT INTO games_letterscore VALUES(381,23,'1',31);
INSERT INTO games_letterscore VALUES(382,0,'4',195);
INSERT INTO games_letterscore VALUES(383,9,'5',193);
INSERT INTO games_letterscore VALUES(384,12,'2',31);
INSERT INTO games_letterscore VALUES(385,7,'2',198);
INSERT INTO games_letterscore VALUES(386,4,'2',29);
INSERT INTO games_letterscore VALUES(387,3,'2',200);
INSERT INTO games_letterscore VALUES(388,8,'2',197);
INSERT INTO games_letterscore VALUES(389,9,'2',195);
INSERT INTO games_letterscore VALUES(390,31,'1',62);
INSERT INTO games_letterscore VALUES(391,4,'2',166);
INSERT INTO games_letterscore VALUES(392,14,'2',174);
INSERT INTO games_letterscore VALUES(393,15,'2',155);
INSERT INTO games_letterscore VALUES(394,1,'5',171);
INSERT INTO games_letterscore VALUES(395,18,'2',62);
INSERT INTO games_letterscore VALUES(396,12,'2',154);
INSERT INTO games_letterscore VALUES(397,16,'1',172);
INSERT INTO games_letterscore VALUES(398,9,'5',169);
INSERT INTO games_letterscore VALUES(399,24,'1',157);
INSERT INTO games_letterscore VALUES(400,10,'2',175);
INSERT INTO games_letterscore VALUES(401,3,'2',177);
INSERT INTO games_letterscore VALUES(402,13,'2',163);
INSERT INTO games_letterscore VALUES(403,19,'2',70);
INSERT INTO games_letterscore VALUES(404,29,'3',71);
INSERT INTO games_letterscore VALUES(405,0,'2',72);
INSERT INTO games_letterscore VALUES(406,22,'2',65);
INSERT INTO games_letterscore VALUES(407,28,'2',67);
INSERT INTO games_letterscore VALUES(408,17,'2',75);
INSERT INTO games_letterscore VALUES(409,30,'4',71);
INSERT INTO games_letterscore VALUES(410,16,'3',66);
INSERT INTO games_letterscore VALUES(411,7,'3',73);
INSERT INTO games_letterscore VALUES(412,28,'3',69);
INSERT INTO games_letterscore VALUES(413,9,'5',78);
INSERT INTO games_letterscore VALUES(414,9,'3',74);
INSERT INTO games_letterscore VALUES(415,12,'3',75);
INSERT INTO games_letterscore VALUES(416,20,'3',86);
INSERT INTO games_letterscore VALUES(417,36,'3',80);
INSERT INTO games_letterscore VALUES(418,30,'4',83);
INSERT INTO games_letterscore VALUES(419,13,'4',80);
INSERT INTO games_letterscore VALUES(420,23,'5',84);
INSERT INTO games_letterscore VALUES(421,29,'3',82);
INSERT INTO games_letterscore VALUES(422,22,'2',85);
INSERT INTO games_letterscore VALUES(423,20,'4',82);
INSERT INTO games_letterscore VALUES(424,17,'3',81);
INSERT INTO games_letterscore VALUES(425,53,'6',1);
INSERT INTO games_letterscore VALUES(426,19,'6',144);
INSERT INTO games_letterscore VALUES(427,31,'6',146);
CREATE TABLE IF NOT EXISTS `games_additionscore` (`id` integer NOT NULL PRIMARY KEY AUTO_INCREMENT, `score` integer NOT NULL, `user_id` integer NOT NULL REFERENCES `auth_user` (`id`) );
INSERT INTO games_additionscore VALUES(1,210,1);
INSERT INTO games_additionscore VALUES(2,123,2);
INSERT INTO games_additionscore VALUES(3,29,3);
INSERT INTO games_additionscore VALUES(4,149,4);
INSERT INTO games_additionscore VALUES(5,142,115);
INSERT INTO games_additionscore VALUES(6,81,116);
INSERT INTO games_additionscore VALUES(7,74,106);
INSERT INTO games_additionscore VALUES(8,52,113);
INSERT INTO games_additionscore VALUES(9,97,128);
INSERT INTO games_additionscore VALUES(11,182,130);
INSERT INTO games_additionscore VALUES(12,118,121);
INSERT INTO games_additionscore VALUES(13,78,129);
INSERT INTO games_additionscore VALUES(14,99,124);
INSERT INTO games_additionscore VALUES(15,98,134);
INSERT INTO games_additionscore VALUES(16,51,120);
INSERT INTO games_additionscore VALUES(17,30,132);
INSERT INTO games_additionscore VALUES(18,107,126);
INSERT INTO games_additionscore VALUES(19,130,141);
INSERT INTO games_additionscore VALUES(21,138,135);
INSERT INTO games_additionscore VALUES(22,141,146);
INSERT INTO games_additionscore VALUES(23,123,148);
INSERT INTO games_additionscore VALUES(24,121,137);
INSERT INTO games_additionscore VALUES(25,87,140);
INSERT INTO games_additionscore VALUES(26,126,149);
INSERT INTO games_additionscore VALUES(27,195,151);
INSERT INTO games_additionscore VALUES(28,81,144);
INSERT INTO games_additionscore VALUES(29,84,147);
INSERT INTO games_additionscore VALUES(30,141,139);
INSERT INTO games_additionscore VALUES(31,126,136);
INSERT INTO games_additionscore VALUES(32,74,78);
INSERT INTO games_additionscore VALUES(33,80,77);
INSERT INTO games_additionscore VALUES(34,0,67);
INSERT INTO games_additionscore VALUES(35,40,69);
INSERT INTO games_additionscore VALUES(36,86,66);
INSERT INTO games_additionscore VALUES(37,58,76);
INSERT INTO games_additionscore VALUES(38,56,70);
INSERT INTO games_additionscore VALUES(39,66,73);
INSERT INTO games_additionscore VALUES(40,24,68);
INSERT INTO games_additionscore VALUES(41,37,82);
INSERT INTO games_additionscore VALUES(42,50,89);
INSERT INTO games_additionscore VALUES(43,59,90);
INSERT INTO games_additionscore VALUES(44,107,86);
INSERT INTO games_additionscore VALUES(45,51,92);
INSERT INTO games_additionscore VALUES(46,71,80);
INSERT INTO games_additionscore VALUES(47,77,85);
INSERT INTO games_additionscore VALUES(48,52,81);
INSERT INTO games_additionscore VALUES(49,103,84);
INSERT INTO games_additionscore VALUES(50,88,206);
INSERT INTO games_additionscore VALUES(51,106,98);
INSERT INTO games_additionscore VALUES(52,92,99);
INSERT INTO games_additionscore VALUES(53,43,103);
INSERT INTO games_additionscore VALUES(54,127,102);
INSERT INTO games_additionscore VALUES(55,55,104);
INSERT INTO games_additionscore VALUES(56,93,207);
INSERT INTO games_additionscore VALUES(57,119,93);
INSERT INTO games_additionscore VALUES(58,60,127);
INSERT INTO games_additionscore VALUES(59,91,125);
INSERT INTO games_additionscore VALUES(60,159,212);
INSERT INTO games_additionscore VALUES(61,91,142);
INSERT INTO games_additionscore VALUES(62,25,31);
CREATE TABLE IF NOT EXISTS `games_multiplicationscore` (`id` integer NOT NULL PRIMARY KEY AUTO_INCREMENT, `score` integer NOT NULL, `user_id` integer NOT NULL REFERENCES `auth_user` (`id`) );
INSERT INTO games_multiplicationscore VALUES(1,262,1);
INSERT INTO games_multiplicationscore VALUES(2,146,4);
INSERT INTO games_multiplicationscore VALUES(4,154,109);
INSERT INTO games_multiplicationscore VALUES(5,117,115);
INSERT INTO games_multiplicationscore VALUES(6,90,116);
INSERT INTO games_multiplicationscore VALUES(7,113,117);
INSERT INTO games_multiplicationscore VALUES(8,107,107);
INSERT INTO games_multiplicationscore VALUES(9,85,131);
INSERT INTO games_multiplicationscore VALUES(10,176,130);
INSERT INTO games_multiplicationscore VALUES(11,160,121);
INSERT INTO games_multiplicationscore VALUES(13,161,129);
INSERT INTO games_multiplicationscore VALUES(14,92,128);
INSERT INTO games_multiplicationscore VALUES(15,109,138);
INSERT INTO games_multiplicationscore VALUES(16,229,146);
INSERT INTO games_multiplicationscore VALUES(17,106,148);
INSERT INTO games_multiplicationscore VALUES(18,76,147);
INSERT INTO games_multiplicationscore VALUES(19,168,140);
INSERT INTO games_multiplicationscore VALUES(20,158,149);
INSERT INTO games_multiplicationscore VALUES(21,170,144);
INSERT INTO games_multiplicationscore VALUES(22,173,2);
INSERT INTO games_multiplicationscore VALUES(23,48,64);
INSERT INTO games_multiplicationscore VALUES(24,52,72);
INSERT INTO games_multiplicationscore VALUES(25,65,71);
INSERT INTO games_multiplicationscore VALUES(26,58,74);
INSERT INTO games_multiplicationscore VALUES(27,69,70);
INSERT INTO games_multiplicationscore VALUES(28,67,73);
INSERT INTO games_multiplicationscore VALUES(29,77,66);
INSERT INTO games_multiplicationscore VALUES(30,44,78);
INSERT INTO games_multiplicationscore VALUES(31,33,77);
INSERT INTO games_multiplicationscore VALUES(32,39,68);
INSERT INTO games_multiplicationscore VALUES(33,56,84);
INSERT INTO games_multiplicationscore VALUES(34,75,89);
INSERT INTO games_multiplicationscore VALUES(35,30,82);
INSERT INTO games_multiplicationscore VALUES(36,46,79);
INSERT INTO games_multiplicationscore VALUES(37,97,83);
INSERT INTO games_multiplicationscore VALUES(38,67,85);
INSERT INTO games_multiplicationscore VALUES(39,134,90);
INSERT INTO games_multiplicationscore VALUES(40,84,80);
INSERT INTO games_multiplicationscore VALUES(41,52,205);
INSERT INTO games_multiplicationscore VALUES(42,73,208);
INSERT INTO games_multiplicationscore VALUES(43,87,104);
INSERT INTO games_multiplicationscore VALUES(44,128,207);
INSERT INTO games_multiplicationscore VALUES(45,107,96);
INSERT INTO games_multiplicationscore VALUES(46,107,100);
INSERT INTO games_multiplicationscore VALUES(47,98,99);
INSERT INTO games_multiplicationscore VALUES(48,96,94);
INSERT INTO games_multiplicationscore VALUES(49,122,206);
INSERT INTO games_multiplicationscore VALUES(50,115,114);
INSERT INTO games_multiplicationscore VALUES(51,169,108);
INSERT INTO games_multiplicationscore VALUES(52,165,210);
INSERT INTO games_multiplicationscore VALUES(53,56,209);
INSERT INTO games_multiplicationscore VALUES(54,89,134);
INSERT INTO games_multiplicationscore VALUES(55,136,124);
INSERT INTO games_multiplicationscore VALUES(56,143,122);
INSERT INTO games_multiplicationscore VALUES(57,82,133);
INSERT INTO games_multiplicationscore VALUES(58,141,132);
INSERT INTO games_multiplicationscore VALUES(59,79,126);
INSERT INTO games_multiplicationscore VALUES(60,126,136);
INSERT INTO games_multiplicationscore VALUES(61,134,150);
INSERT INTO games_multiplicationscore VALUES(62,122,139);
INSERT INTO games_multiplicationscore VALUES(63,84,142);
INSERT INTO games_multiplicationscore VALUES(64,5,31);
CREATE TABLE IF NOT EXISTS `games_soustractionscore` (`id` integer NOT NULL PRIMARY KEY AUTO_INCREMENT, `score` integer NOT NULL, `user_id` integer NOT NULL REFERENCES `auth_user` (`id`) );
INSERT INTO games_soustractionscore VALUES(1,229,1);
INSERT INTO games_soustractionscore VALUES(2,53,118);
INSERT INTO games_soustractionscore VALUES(3,55,113);
INSERT INTO games_soustractionscore VALUES(4,46,116);
INSERT INTO games_soustractionscore VALUES(5,108,115);
INSERT INTO games_soustractionscore VALUES(6,97,128);
INSERT INTO games_soustractionscore VALUES(8,104,121);
INSERT INTO games_soustractionscore VALUES(9,175,130);
INSERT INTO games_soustractionscore VALUES(10,86,142);
INSERT INTO games_soustractionscore VALUES(11,132,141);
INSERT INTO games_soustractionscore VALUES(12,161,146);
INSERT INTO games_soustractionscore VALUES(13,96,138);
INSERT INTO games_soustractionscore VALUES(14,71,148);
INSERT INTO games_soustractionscore VALUES(15,108,2);
INSERT INTO games_soustractionscore VALUES(16,83,67);
INSERT INTO games_soustractionscore VALUES(17,74,69);
INSERT INTO games_soustractionscore VALUES(18,67,83);
INSERT INTO games_soustractionscore VALUES(19,71,79);
INSERT INTO games_soustractionscore VALUES(20,68,85);
INSERT INTO games_soustractionscore VALUES(21,63,88);
INSERT INTO games_soustractionscore VALUES(22,116,86);
INSERT INTO games_soustractionscore VALUES(23,49,92);
INSERT INTO games_soustractionscore VALUES(24,31,208);
INSERT INTO games_soustractionscore VALUES(25,23,94);
INSERT INTO games_soustractionscore VALUES(26,29,104);
INSERT INTO games_soustractionscore VALUES(27,55,96);
INSERT INTO games_soustractionscore VALUES(28,56,106);
INSERT INTO games_soustractionscore VALUES(29,38,107);
INSERT INTO games_soustractionscore VALUES(30,82,139);
INSERT INTO games_soustractionscore VALUES(31,89,149);
INSERT INTO games_soustractionscore VALUES(32,55,140);
INSERT INTO games_soustractionscore VALUES(33,18,31);
CREATE TABLE IF NOT EXISTS `games_additionposeescore` (`id` integer NOT NULL PRIMARY KEY AUTO_INCREMENT, `score` integer NOT NULL, `user_id` integer NOT NULL REFERENCES `auth_user` (`id`) );
INSERT INTO games_additionposeescore VALUES(1,108,1);
INSERT INTO games_additionposeescore VALUES(2,37,134);
INSERT INTO games_additionposeescore VALUES(3,78,122);
INSERT INTO games_additionposeescore VALUES(4,19,128);
INSERT INTO games_additionposeescore VALUES(5,80,130);
INSERT INTO games_additionposeescore VALUES(6,52,133);
INSERT INTO games_additionposeescore VALUES(7,88,124);
INSERT INTO games_additionposeescore VALUES(8,81,121);
INSERT INTO games_additionposeescore VALUES(10,79,142);
INSERT INTO games_additionposeescore VALUES(11,143,136);
INSERT INTO games_additionposeescore VALUES(12,64,149);
INSERT INTO games_additionposeescore VALUES(13,30,147);
INSERT INTO games_additionposeescore VALUES(14,28,146);
INSERT INTO games_additionposeescore VALUES(15,74,2);
INSERT INTO games_additionposeescore VALUES(16,27,205);
INSERT INTO games_additionposeescore VALUES(17,13,91);
INSERT INTO games_additionposeescore VALUES(18,7,79);
INSERT INTO games_additionposeescore VALUES(19,24,85);
INSERT INTO games_additionposeescore VALUES(20,14,206);
INSERT INTO games_additionposeescore VALUES(21,10,94);
INSERT INTO games_additionposeescore VALUES(22,83,99);
INSERT INTO games_additionposeescore VALUES(23,82,132);
INSERT INTO games_additionposeescore VALUES(24,68,125);
INSERT INTO games_additionposeescore VALUES(25,55,139);
INSERT INTO games_additionposeescore VALUES(26,14,31);
CREATE TABLE IF NOT EXISTS `games_wordscore` (`id` integer NOT NULL PRIMARY KEY AUTO_INCREMENT, `score` integer NOT NULL, `level` varchar(1) NOT NULL, `user_id` integer NOT NULL REFERENCES `auth_user` (`id`) );
INSERT INTO games_wordscore VALUES(1,48,'1',1);
INSERT INTO games_wordscore VALUES(2,6,'1',179);
INSERT INTO games_wordscore VALUES(3,2,'1',190);
INSERT INTO games_wordscore VALUES(4,4,'1',184);
INSERT INTO games_wordscore VALUES(5,5,'1',186);
INSERT INTO games_wordscore VALUES(6,3,'1',180);
INSERT INTO games_wordscore VALUES(7,4,'1',187);
INSERT INTO games_wordscore VALUES(8,4,'1',189);
INSERT INTO games_wordscore VALUES(9,6,'1',191);
INSERT INTO games_wordscore VALUES(10,6,'1',182);
INSERT INTO games_wordscore VALUES(11,3,'1',181);
INSERT INTO games_wordscore VALUES(12,4,'1',183);
INSERT INTO games_wordscore VALUES(13,2,'1',185);
INSERT INTO games_wordscore VALUES(14,7,'1',203);
INSERT INTO games_wordscore VALUES(15,7,'1',202);
INSERT INTO games_wordscore VALUES(16,1,'1',199);
INSERT INTO games_wordscore VALUES(17,3,'1',3);
INSERT INTO games_wordscore VALUES(18,6,'1',193);
INSERT INTO games_wordscore VALUES(19,2,'1',201);
INSERT INTO games_wordscore VALUES(20,6,'1',198);
INSERT INTO games_wordscore VALUES(21,5,'1',196);
INSERT INTO games_wordscore VALUES(22,5,'1',197);
INSERT INTO games_wordscore VALUES(23,4,'1',152);
INSERT INTO games_wordscore VALUES(24,4,'1',166);
INSERT INTO games_wordscore VALUES(25,4,'1',159);
INSERT INTO games_wordscore VALUES(26,4,'1',174);
INSERT INTO games_wordscore VALUES(27,4,'1',160);
INSERT INTO games_wordscore VALUES(28,2,'1',164);
INSERT INTO games_wordscore VALUES(29,2,'1',162);
INSERT INTO games_wordscore VALUES(30,2,'1',171);
INSERT INTO games_wordscore VALUES(31,2,'1',155);
INSERT INTO games_wordscore VALUES(32,4,'1',165);
INSERT INTO games_wordscore VALUES(33,5,'1',176);
INSERT INTO games_wordscore VALUES(34,5,'1',154);
INSERT INTO games_wordscore VALUES(35,3,'1',173);
INSERT INTO games_wordscore VALUES(36,4,'1',169);
INSERT INTO games_wordscore VALUES(37,3,'1',158);
INSERT INTO games_wordscore VALUES(38,6,'1',156);
INSERT INTO games_wordscore VALUES(39,2,'1',153);
INSERT INTO games_wordscore VALUES(40,4,'1',161);
INSERT INTO games_wordscore VALUES(41,3,'1',204);
INSERT INTO games_wordscore VALUES(42,8,'1',77);
INSERT INTO games_wordscore VALUES(43,12,'1',69);
INSERT INTO games_wordscore VALUES(44,5,'1',78);
INSERT INTO games_wordscore VALUES(45,9,'1',67);
INSERT INTO games_wordscore VALUES(46,6,'1',64);
INSERT INTO games_wordscore VALUES(47,8,'1',74);
INSERT INTO games_wordscore VALUES(48,7,'1',66);
INSERT INTO games_wordscore VALUES(49,8,'1',71);
INSERT INTO games_wordscore VALUES(50,5,'1',76);
INSERT INTO games_wordscore VALUES(51,5,'1',73);
INSERT INTO games_wordscore VALUES(52,9,'1',70);
INSERT INTO games_wordscore VALUES(53,1,'6',77);
INSERT INTO games_wordscore VALUES(54,3,'1',72);
INSERT INTO games_wordscore VALUES(55,6,'1',68);
INSERT INTO games_wordscore VALUES(56,16,'1',80);
INSERT INTO games_wordscore VALUES(57,7,'1',86);
INSERT INTO games_wordscore VALUES(58,8,'1',81);
INSERT INTO games_wordscore VALUES(59,5,'1',89);
INSERT INTO games_wordscore VALUES(60,12,'1',82);
INSERT INTO games_wordscore VALUES(61,11,'1',79);
INSERT INTO games_wordscore VALUES(62,10,'1',85);
INSERT INTO games_wordscore VALUES(63,10,'1',83);
INSERT INTO games_wordscore VALUES(64,13,'1',87);
INSERT INTO games_wordscore VALUES(65,6,'1',205);
INSERT INTO games_wordscore VALUES(66,4,'1',91);
INSERT INTO games_wordscore VALUES(67,6,'1',92);
INSERT INTO games_wordscore VALUES(68,8,'1',88);
INSERT INTO games_wordscore VALUES(69,14,'1',84);
INSERT INTO games_wordscore VALUES(70,6,'1',90);
INSERT INTO games_wordscore VALUES(71,13,'1',206);
INSERT INTO games_wordscore VALUES(72,14,'1',96);
INSERT INTO games_wordscore VALUES(73,17,'1',100);
INSERT INTO games_wordscore VALUES(74,15,'1',2);
INSERT INTO games_wordscore VALUES(75,10,'1',94);
INSERT INTO games_wordscore VALUES(76,19,'1',99);
INSERT INTO games_wordscore VALUES(77,14,'1',98);
INSERT INTO games_wordscore VALUES(78,7,'1',104);
INSERT INTO games_wordscore VALUES(79,8,'2',2);
INSERT INTO games_wordscore VALUES(80,7,'2',94);
INSERT INTO games_wordscore VALUES(81,9,'1',97);
INSERT INTO games_wordscore VALUES(82,7,'1',208);
INSERT INTO games_wordscore VALUES(83,4,'3',2);
INSERT INTO games_wordscore VALUES(84,3,'3',94);
INSERT INTO games_wordscore VALUES(85,10,'4',96);
INSERT INTO games_wordscore VALUES(86,11,'4',2);
INSERT INTO games_wordscore VALUES(87,7,'4',94);
INSERT INTO games_wordscore VALUES(88,16,'1',102);
INSERT INTO games_wordscore VALUES(89,5,'2',206);
INSERT INTO games_wordscore VALUES(90,5,'1',103);
INSERT INTO games_wordscore VALUES(91,4,'5',94);
INSERT INTO games_wordscore VALUES(92,6,'5',2);
INSERT INTO games_wordscore VALUES(93,4,'6',2);
INSERT INTO games_wordscore VALUES(94,4,'6',94);
INSERT INTO games_wordscore VALUES(95,7,'1',207);
INSERT INTO games_wordscore VALUES(96,12,'2',99);
INSERT INTO games_wordscore VALUES(97,11,'1',93);
INSERT INTO games_wordscore VALUES(98,13,'2',100);
INSERT INTO games_wordscore VALUES(99,5,'2',104);
INSERT INTO games_wordscore VALUES(100,9,'2',98);
INSERT INTO games_wordscore VALUES(101,2,'6',104);
INSERT INTO games_wordscore VALUES(102,4,'5',104);
INSERT INTO games_wordscore VALUES(103,3,'4',104);
INSERT INTO games_wordscore VALUES(104,9,'1',106);
INSERT INTO games_wordscore VALUES(105,15,'1',210);
INSERT INTO games_wordscore VALUES(106,9,'1',107);
INSERT INTO games_wordscore VALUES(107,14,'1',117);
INSERT INTO games_wordscore VALUES(108,14,'1',118);
INSERT INTO games_wordscore VALUES(109,17,'1',108);
INSERT INTO games_wordscore VALUES(110,27,'1',105);
INSERT INTO games_wordscore VALUES(111,6,'1',114);
INSERT INTO games_wordscore VALUES(112,10,'1',113);
INSERT INTO games_wordscore VALUES(113,13,'1',209);
INSERT INTO games_wordscore VALUES(114,14,'1',109);
INSERT INTO games_wordscore VALUES(115,14,'1',116);
INSERT INTO games_wordscore VALUES(116,12,'6',105);
INSERT INTO games_wordscore VALUES(117,4,'6',109);
INSERT INTO games_wordscore VALUES(118,9,'4',116);
INSERT INTO games_wordscore VALUES(119,6,'2',209);
INSERT INTO games_wordscore VALUES(120,14,'4',117);
INSERT INTO games_wordscore VALUES(121,0,'6',116);
INSERT INTO games_wordscore VALUES(122,4,'2',113);
INSERT INTO games_wordscore VALUES(123,11,'2',108);
INSERT INTO games_wordscore VALUES(124,5,'6',117);
INSERT INTO games_wordscore VALUES(125,15,'1',134);
INSERT INTO games_wordscore VALUES(126,9,'1',132);
INSERT INTO games_wordscore VALUES(127,7,'1',129);
INSERT INTO games_wordscore VALUES(128,13,'1',126);
INSERT INTO games_wordscore VALUES(129,29,'1',211);
INSERT INTO games_wordscore VALUES(130,19,'1',125);
INSERT INTO games_wordscore VALUES(131,13,'1',148);
INSERT INTO games_wordscore VALUES(132,25,'1',121);
INSERT INTO games_wordscore VALUES(133,27,'1',122);
INSERT INTO games_wordscore VALUES(134,18,'1',127);
INSERT INTO games_wordscore VALUES(135,15,'1',128);
INSERT INTO games_wordscore VALUES(136,23,'1',130);
INSERT INTO games_wordscore VALUES(137,18,'1',131);
INSERT INTO games_wordscore VALUES(138,4,'6',129);
INSERT INTO games_wordscore VALUES(139,18,'2',121);
INSERT INTO games_wordscore VALUES(140,20,'2',211);
INSERT INTO games_wordscore VALUES(141,20,'2',130);
INSERT INTO games_wordscore VALUES(142,14,'6',130);
INSERT INTO games_wordscore VALUES(143,14,'2',125);
INSERT INTO games_wordscore VALUES(144,20,'2',122);
INSERT INTO games_wordscore VALUES(145,11,'2',128);
INSERT INTO games_wordscore VALUES(146,9,'6',121);
INSERT INTO games_wordscore VALUES(147,10,'2',126);
INSERT INTO games_wordscore VALUES(148,13,'3',211);
INSERT INTO games_wordscore VALUES(149,12,'3',122);
INSERT INTO games_wordscore VALUES(150,9,'3',121);
INSERT INTO games_wordscore VALUES(151,12,'1',124);
INSERT INTO games_wordscore VALUES(152,13,'2',127);
INSERT INTO games_wordscore VALUES(153,7,'3',128);
INSERT INTO games_wordscore VALUES(154,8,'1',133);
INSERT INTO games_wordscore VALUES(155,8,'2',134);
INSERT INTO games_wordscore VALUES(156,23,'4',130);
INSERT INTO games_wordscore VALUES(157,11,'2',131);
INSERT INTO games_wordscore VALUES(158,4,'6',128);
INSERT INTO games_wordscore VALUES(159,4,'3',133);
INSERT INTO games_wordscore VALUES(160,7,'6',211);
INSERT INTO games_wordscore VALUES(161,10,'6',122);
INSERT INTO games_wordscore VALUES(162,2,'3',134);
INSERT INTO games_wordscore VALUES(163,8,'3',127);
INSERT INTO games_wordscore VALUES(164,8,'3',125);
INSERT INTO games_wordscore VALUES(165,27,'1',139);
INSERT INTO games_wordscore VALUES(166,17,'1',150);
INSERT INTO games_wordscore VALUES(167,24,'1',142);
INSERT INTO games_wordscore VALUES(168,29,'1',136);
INSERT INTO games_wordscore VALUES(169,17,'1',135);
INSERT INTO games_wordscore VALUES(170,5,'6',150);
INSERT INTO games_wordscore VALUES(171,11,'6',136);
INSERT INTO games_wordscore VALUES(172,15,'1',138);
INSERT INTO games_wordscore VALUES(173,25,'1',149);
INSERT INTO games_wordscore VALUES(174,4,'6',149);
INSERT INTO games_wordscore VALUES(175,19,'2',136);
INSERT INTO games_wordscore VALUES(176,30,'1',146);
INSERT INTO games_wordscore VALUES(177,13,'1',137);
INSERT INTO games_wordscore VALUES(178,12,'3',136);
INSERT INTO games_wordscore VALUES(179,21,'1',144);
INSERT INTO games_wordscore VALUES(180,9,'2',138);
INSERT INTO games_wordscore VALUES(181,14,'5',136);
INSERT INTO games_wordscore VALUES(182,14,'2',142);
INSERT INTO games_wordscore VALUES(183,23,'2',139);
INSERT INTO games_wordscore VALUES(184,11,'2',150);
INSERT INTO games_wordscore VALUES(185,18,'1',212);
INSERT INTO games_wordscore VALUES(186,21,'1',140);
INSERT INTO games_wordscore VALUES(187,18,'2',146);
INSERT INTO games_wordscore VALUES(188,0,'6',212);
INSERT INTO games_wordscore VALUES(189,12,'3',146);
INSERT INTO games_wordscore VALUES(190,29,'1',151);
INSERT INTO games_wordscore VALUES(191,15,'2',212);
INSERT INTO games_wordscore VALUES(192,6,'1',29);
INSERT INTO games_wordscore VALUES(193,4,'1',31);
INSERT INTO games_wordscore VALUES(194,7,'1',194);
INSERT INTO games_wordscore VALUES(195,6,'1',200);
INSERT INTO games_wordscore VALUES(196,3,'1',195);
INSERT INTO games_wordscore VALUES(197,24,'2',31);
INSERT INTO games_wordscore VALUES(198,4,'2',194);
INSERT INTO games_wordscore VALUES(199,4,'2',193);
INSERT INTO games_wordscore VALUES(200,3,'2',202);
INSERT INTO games_wordscore VALUES(201,6,'1',62);
INSERT INTO games_wordscore VALUES(202,2,'2',155);
INSERT INTO games_wordscore VALUES(203,3,'2',154);
INSERT INTO games_wordscore VALUES(204,3,'2',165);
INSERT INTO games_wordscore VALUES(205,3,'1',168);
INSERT INTO games_wordscore VALUES(206,5,'1',167);
INSERT INTO games_wordscore VALUES(207,2,'1',172);
INSERT INTO games_wordscore VALUES(208,1,'1',175);
INSERT INTO games_wordscore VALUES(209,4,'1',170);
INSERT INTO games_wordscore VALUES(210,4,'1',163);
INSERT INTO games_wordscore VALUES(211,2,'1',177);
INSERT INTO games_wordscore VALUES(212,2,'1',157);
INSERT INTO games_wordscore VALUES(213,7,'1',65);
INSERT INTO games_wordscore VALUES(214,6,'1',75);
INSERT INTO games_wordscore VALUES(215,4,'2',76);
INSERT INTO games_wordscore VALUES(216,5,'2',74);
INSERT INTO games_wordscore VALUES(217,3,'2',64);
INSERT INTO games_wordscore VALUES(218,6,'2',69);
INSERT INTO games_wordscore VALUES(219,6,'2',70);
INSERT INTO games_wordscore VALUES(220,1,'2',78);
INSERT INTO games_wordscore VALUES(221,7,'2',77);
INSERT INTO games_wordscore VALUES(222,2,'2',71);
INSERT INTO games_wordscore VALUES(223,5,'2',65);
INSERT INTO games_wordscore VALUES(224,0,'6',92);
INSERT INTO games_wordscore VALUES(225,0,'2',92);
INSERT INTO games_wordscore VALUES(226,12,'2',80);
INSERT INTO games_wordscore VALUES(227,8,'2',82);
INSERT INTO games_wordscore VALUES(228,1,'5',89);
INSERT INTO games_wordscore VALUES(229,10,'2',84);
INSERT INTO games_wordscore VALUES(230,7,'3',80);
INSERT INTO games_wordscore VALUES(231,7,'2',79);
INSERT INTO games_wordscore VALUES(232,5,'2',85);
INSERT INTO games_wordscore VALUES(233,17,'6',31);
INSERT INTO games_wordscore VALUES(234,13,'2',140);
INSERT INTO games_wordscore VALUES(235,15,'1',141);
INSERT INTO games_wordscore VALUES(236,12,'2',141);
INSERT INTO games_wordscore VALUES(237,11,'6',146);
INSERT INTO games_wordscore VALUES(238,20,'4',146);
INSERT INTO games_wordscore VALUES(239,16,'5',146);
INSERT INTO games_wordscore VALUES(240,14,'2',144);
INSERT INTO games_wordscore VALUES(241,8,'3',140);
INSERT INTO games_wordscore VALUES(242,15,'3',139);
INSERT INTO games_wordscore VALUES(243,0,'3',144);
INSERT INTO games_wordscore VALUES(244,21,'4',139);
INSERT INTO games_wordscore VALUES(245,12,'6',139);
CREATE TABLE IF NOT EXISTS `games_wordone` (`id` integer NOT NULL PRIMARY KEY AUTO_INCREMENT, `name` varchar(200) NOT NULL, `slug` varchar(200) NOT NULL, `level` integer NOT NULL);
INSERT INTO games_wordone VALUES(1,'Abri','abri',1);
INSERT INTO games_wordone VALUES(2,'Bien','bien',1);
INSERT INTO games_wordone VALUES(3,'Bleu','bleu',1);
INSERT INTO games_wordone VALUES(4,'Bon','bon',1);
INSERT INTO games_wordone VALUES(5,'Bras','bras',1);
INSERT INTO games_wordone VALUES(6,'Brun','brun',1);
INSERT INTO games_wordone VALUES(7,'Bus','bus',1);
INSERT INTO games_wordone VALUES(8,'Chat','chat',1);
INSERT INTO games_wordone VALUES(9,'Cinq','cinq',1);
INSERT INTO games_wordone VALUES(10,'Cou','cou',1);
INSERT INTO games_wordone VALUES(11,'Cube','cube',1);
INSERT INTO games_wordone VALUES(12,'Deux','deux',1);
INSERT INTO games_wordone VALUES(13,'Dix','dix',1);
INSERT INTO games_wordone VALUES(14,'Fer','fer',1);
INSERT INTO games_wordone VALUES(15,'Huit','huit',1);
INSERT INTO games_wordone VALUES(16,'Jump','jump',1);
INSERT INTO games_wordone VALUES(17,'Jupe','jupe',1);
INSERT INTO games_wordone VALUES(18,'Lait','lait',1);
INSERT INTO games_wordone VALUES(19,'Lent','lent',1);
INSERT INTO games_wordone VALUES(20,'Lion','lion',1);
INSERT INTO games_wordone VALUES(21,'Lit','lit',1);
INSERT INTO games_wordone VALUES(22,'Loup','loup',1);
INSERT INTO games_wordone VALUES(23,'Lune','lune',1);
INSERT INTO games_wordone VALUES(24,'Main','main',1);
INSERT INTO games_wordone VALUES(25,'Mer','mer',1);
INSERT INTO games_wordone VALUES(26,'Mur','mur',1);
INSERT INTO games_wordone VALUES(27,'Neuf','neuf',1);
INSERT INTO games_wordone VALUES(28,'Nez','nez',1);
INSERT INTO games_wordone VALUES(29,'Noir','noir',1);
INSERT INTO games_wordone VALUES(30,'Ours','ours',1);
INSERT INTO games_wordone VALUES(31,'Peau','peau',1);
INSERT INTO games_wordone VALUES(32,'Porc','porc',1);
INSERT INTO games_wordone VALUES(33,'Pot','pot',1);
INSERT INTO games_wordone VALUES(34,'Rire','rire',1);
INSERT INTO games_wordone VALUES(35,'Riz','riz',1);
INSERT INTO games_wordone VALUES(36,'Rue','rue',1);
INSERT INTO games_wordone VALUES(37,'Sac','sac',1);
INSERT INTO games_wordone VALUES(38,'Sale','sale',1);
INSERT INTO games_wordone VALUES(39,'Sept','sept',1);
INSERT INTO games_wordone VALUES(40,'Six','six',1);
INSERT INTO games_wordone VALUES(41,'Taxi','taxi',1);
INSERT INTO games_wordone VALUES(42,'Vert','vert',1);
INSERT INTO games_wordone VALUES(43,'Vis','vis',1);
INSERT INTO games_wordone VALUES(44,'Abeille','abeille',2);
INSERT INTO games_wordone VALUES(45,'Aigle','aigle',2);
INSERT INTO games_wordone VALUES(46,'Animal','animal',2);
INSERT INTO games_wordone VALUES(47,'Assez','assez',2);
INSERT INTO games_wordone VALUES(48,'Automne','automne',2);
INSERT INTO games_wordone VALUES(49,'Avion','avion',2);
INSERT INTO games_wordone VALUES(50,'Baleine','baleine',2);
INSERT INTO games_wordone VALUES(51,'Balle','balle',2);
INSERT INTO games_wordone VALUES(52,'Ballon','ballon',2);
INSERT INTO games_wordone VALUES(53,'Banane','banane',2);
INSERT INTO games_wordone VALUES(54,'Barbe','barbe',2);
INSERT INTO games_wordone VALUES(55,'Bateau','bateau',2);
INSERT INTO games_wordone VALUES(56,'Baudet','baudet',2);
INSERT INTO games_wordone VALUES(57,'Blanc','blanc',2);
INSERT INTO games_wordone VALUES(58,'Boisson','boisson',2);
INSERT INTO games_wordone VALUES(59,'Botte','botte',2);
INSERT INTO games_wordone VALUES(60,'Boucle','boucle',2);
INSERT INTO games_wordone VALUES(61,'Brosse','brosse',2);
INSERT INTO games_wordone VALUES(62,'Burger','burger',2);
INSERT INTO games_wordone VALUES(63,'Camion','camion',2);
INSERT INTO games_wordone VALUES(64,'Canard','canard',2);
INSERT INTO games_wordone VALUES(65,'Carotte','carotte',2);
INSERT INTO games_wordone VALUES(66,'Carte','carte',2);
INSERT INTO games_wordone VALUES(67,'Casque','casque',2);
INSERT INTO games_wordone VALUES(68,'Cercle','cercle',2);
INSERT INTO games_wordone VALUES(69,'Cerises','cerises',2);
INSERT INTO games_wordone VALUES(70,'Chaise','chaise',2);
INSERT INTO games_wordone VALUES(71,'Chapeau','chapeau',2);
INSERT INTO games_wordone VALUES(72,'Chaud','chaud',2);
INSERT INTO games_wordone VALUES(73,'Chemise','chemise',2);
INSERT INTO games_wordone VALUES(74,'Cheval','cheval',2);
INSERT INTO games_wordone VALUES(75,'Cheveux','cheveux',2);
INSERT INTO games_wordone VALUES(76,'Chien','chien',2);
INSERT INTO games_wordone VALUES(77,'Cintre','cintre',2);
INSERT INTO games_wordone VALUES(78,'Ciseaux','ciseaux',2);
INSERT INTO games_wordone VALUES(79,'Citron','citron',2);
INSERT INTO games_wordone VALUES(80,'Cloche','cloche',2);
INSERT INTO games_wordone VALUES(81,'Coffre','coffre',2);
INSERT INTO games_wordone VALUES(82,'Couche','couche',2);
INSERT INTO games_wordone VALUES(83,'Course','course',2);
INSERT INTO games_wordone VALUES(84,'Couteau','couteau',2);
INSERT INTO games_wordone VALUES(85,'Craie','craie',2);
INSERT INTO games_wordone VALUES(86,'Cubes','cubes',2);
INSERT INTO games_wordone VALUES(87,'Cuisine','cuisine',2);
INSERT INTO games_wordone VALUES(88,'Dessus','dessus',2);
INSERT INTO games_wordone VALUES(89,'Doigt','doigt',2);
INSERT INTO games_wordone VALUES(90,'Enfant','enfant',2);
INSERT INTO games_wordone VALUES(91,'Famille','famille',2);
INSERT INTO games_wordone VALUES(92,'Fantme','fantome',2);
INSERT INTO games_wordone VALUES(93,'Fiche','fiche',2);
INSERT INTO games_wordone VALUES(94,'Fille','fille',2);
INSERT INTO games_wordone VALUES(95,'Films','films',2);
INSERT INTO games_wordone VALUES(96,'Fleur','fleur',2);
INSERT INTO games_wordone VALUES(97,'Fraise','fraise',2);
INSERT INTO games_wordone VALUES(98,'Froid','froid',2);
INSERT INTO games_wordone VALUES(99,'Fromage','fromage',2);
INSERT INTO games_wordone VALUES(100,'Fruit','fruit',2);
INSERT INTO games_wordone VALUES(101,'Frre','frere',2);
INSERT INTO games_wordone VALUES(102,'Genou','genou',2);
INSERT INTO games_wordone VALUES(103,'Girafe','girafe',2);
INSERT INTO games_wordone VALUES(104,'Glace','glace',2);
INSERT INTO games_wordone VALUES(105,'Glaces','glaces',2);
INSERT INTO games_wordone VALUES(106,'Grand','grand',2);
INSERT INTO games_wordone VALUES(107,'Guitare','guitare',2);
INSERT INTO games_wordone VALUES(108,'Herbe','herbe',2);
INSERT INTO games_wordone VALUES(109,'Hibou','hibou',2);
INSERT INTO games_wordone VALUES(110,'Hiver','hiver',2);
INSERT INTO games_wordone VALUES(111,'Jardin','jardin',2);
INSERT INTO games_wordone VALUES(112,'Laitue','laitue',2);
INSERT INTO games_wordone VALUES(113,'Lampe','lampe',2);
INSERT INTO games_wordone VALUES(114,'Lapin','lapin',2);
INSERT INTO games_wordone VALUES(115,'Lavabo','lavabo',2);
INSERT INTO games_wordone VALUES(116,'Livre','livre',2);
INSERT INTO games_wordone VALUES(117,'Magasin','magasin',2);
INSERT INTO games_wordone VALUES(118,'Maison','maison',2);
INSERT INTO games_wordone VALUES(119,'Manchot','manchot',2);
INSERT INTO games_wordone VALUES(120,'Manger','manger',2);
INSERT INTO games_wordone VALUES(121,'Mince','mince',2);
INSERT INTO games_wordone VALUES(122,'Mouette','mouette',2);
INSERT INTO games_wordone VALUES(123,'Neige','neige',2);
INSERT INTO games_wordone VALUES(124,'Nouveau','nouveau',2);
INSERT INTO games_wordone VALUES(125,'Nuage','nuage',2);
INSERT INTO games_wordone VALUES(126,'Oiseau','oiseau',2);
INSERT INTO games_wordone VALUES(127,'Olive','olive',2);
INSERT INTO games_wordone VALUES(128,'Oreille','oreille',2);
INSERT INTO games_wordone VALUES(129,'Panda','panda',2);
INSERT INTO games_wordone VALUES(130,'Panier','panier',2);
INSERT INTO games_wordone VALUES(131,'Parasol','parasol',2);
INSERT INTO games_wordone VALUES(132,'Parler','parler',2);
INSERT INTO games_wordone VALUES(133,'Paume','paume',2);
INSERT INTO games_wordone VALUES(134,'Peigne','peigne',2);
INSERT INTO games_wordone VALUES(135,'Peindre','peindre',2);
INSERT INTO games_wordone VALUES(136,'Peintre','peintre',2);
INSERT INTO games_wordone VALUES(137,'Pelle','pelle',2);
INSERT INTO games_wordone VALUES(138,'Phoque','phoque',2);
INSERT INTO games_wordone VALUES(139,'Pieds','pieds',2);
INSERT INTO games_wordone VALUES(140,'Place','place',2);
INSERT INTO games_wordone VALUES(141,'Plafond','plafond',2);
INSERT INTO games_wordone VALUES(142,'Plage','plage',2);
INSERT INTO games_wordone VALUES(143,'Pluie','pluie',2);
INSERT INTO games_wordone VALUES(144,'Poire','poire',2);
INSERT INTO games_wordone VALUES(145,'Poisson','poisson',2);
INSERT INTO games_wordone VALUES(146,'Porte','porte',2);
INSERT INTO games_wordone VALUES(147,'Poulet','poulet',2);
INSERT INTO games_wordone VALUES(148,'Poulpe','poulpe',2);
INSERT INTO games_wordone VALUES(149,'Propre','propre',2);
INSERT INTO games_wordone VALUES(150,'Pcheur','pecheur',2);
INSERT INTO games_wordone VALUES(151,'Quatre','quatre',2);
INSERT INTO games_wordone VALUES(152,'Rapide','rapide',2);
INSERT INTO games_wordone VALUES(153,'Renne','renne',2);
INSERT INTO games_wordone VALUES(154,'Requin','requin',2);
INSERT INTO games_wordone VALUES(155,'Robinet','robinet',2);
INSERT INTO games_wordone VALUES(156,'Rouge','rouge',2);
INSERT INTO games_wordone VALUES(157,'Salle','salle',2);
INSERT INTO games_wordone VALUES(158,'Serpent','serpent',2);
INSERT INTO games_wordone VALUES(159,'Sifflet','sifflet',2);
INSERT INTO games_wordone VALUES(160,'Soldat','soldat',2);
INSERT INTO games_wordone VALUES(161,'Source','source',2);
INSERT INTO games_wordone VALUES(162,'Souris','souris',2);
INSERT INTO games_wordone VALUES(163,'Statue','statue',2);
INSERT INTO games_wordone VALUES(164,'Sucette','sucette',2);
INSERT INTO games_wordone VALUES(165,'Suivre','suivre',2);
INSERT INTO games_wordone VALUES(166,'Swing','swing',2);
INSERT INTO games_wordone VALUES(167,'Table','table',2);
INSERT INTO games_wordone VALUES(168,'Tambour','tambour',2);
INSERT INTO games_wordone VALUES(169,'Tapis','tapis',2);
INSERT INTO games_wordone VALUES(170,'Tarte','tarte',2);
INSERT INTO games_wordone VALUES(171,'Tasse','tasse',2);
INSERT INTO games_wordone VALUES(172,'Terrain','terrain',2);
INSERT INTO games_wordone VALUES(173,'Tigre','tigre',2);
INSERT INTO games_wordone VALUES(174,'Tomate','tomate',2);
INSERT INTO games_wordone VALUES(175,'Tomates','tomates',2);
INSERT INTO games_wordone VALUES(176,'Tortue','tortue',2);
INSERT INTO games_wordone VALUES(177,'Trois','trois',2);
INSERT INTO games_wordone VALUES(178,'Tulipe','tulipe',2);
INSERT INTO games_wordone VALUES(179,'Vache','vache',2);
INSERT INTO games_wordone VALUES(180,'Valise','valise',2);
INSERT INTO games_wordone VALUES(181,'Vendeur','vendeur',2);
INSERT INTO games_wordone VALUES(182,'Ventre','ventre',2);
INSERT INTO games_wordone VALUES(183,'Verre','verre',2);
INSERT INTO games_wordone VALUES(184,'Viande','viande',2);
INSERT INTO games_wordone VALUES(185,'Visage','visage',2);
INSERT INTO games_wordone VALUES(186,'Volant','volant',2);
INSERT INTO games_wordone VALUES(187,'Yaourt','yaourt',2);
INSERT INTO games_wordone VALUES(188,'Echelle','echelle',2);
INSERT INTO games_wordone VALUES(189,'Epaule','epaule',2);
INSERT INTO games_wordone VALUES(190,'Abcs','abces',3);
INSERT INTO games_wordone VALUES(191,'Algbre','algebre',3);
INSERT INTO games_wordone VALUES(192,'Arne','arene',3);
INSERT INTO games_wordone VALUES(193,'Astronaute','astronaute',3);
INSERT INTO games_wordone VALUES(194,'Bire','biere',3);
INSERT INTO games_wordone VALUES(195,'Bouteille','bouteille',3);
INSERT INTO games_wordone VALUES(196,'Brche','breche',3);
INSERT INTO games_wordone VALUES(197,'Caf','cafe',3);
INSERT INTO games_wordone VALUES(198,'Cano','canoe',3);
INSERT INTO games_wordone VALUES(199,'Casserole','casserole',3);
INSERT INTO games_wordone VALUES(200,'Charpentier','charpentier',3);
INSERT INTO games_wordone VALUES(201,'Chaussette','chaussette',3);
INSERT INTO games_wordone VALUES(202,'Chaussure','chaussure',3);
INSERT INTO games_wordone VALUES(203,'Chocolat','chocolat',3);
INSERT INTO games_wordone VALUES(204,'Citrouille','citrouille',3);
INSERT INTO games_wordone VALUES(205,'Coccinelle','coccinelle',3);
INSERT INTO games_wordone VALUES(206,'Couettes','couettes',3);
INSERT INTO games_wordone VALUES(207,'Craquelin','craquelin',3);
INSERT INTO games_wordone VALUES(208,'Crocodile','crocodile',3);
INSERT INTO games_wordone VALUES(209,'Crme','creme',3);
INSERT INTO games_wordone VALUES(210,'Crmerie','cremerie',3);
INSERT INTO games_wordone VALUES(211,'Cuisinier','cuisinier',3);
INSERT INTO games_wordone VALUES(212,'Clbre','celebre',3);
INSERT INTO games_wordone VALUES(213,'Diapositive','diapositive',3);
INSERT INTO games_wordone VALUES(214,'Dj','deja',3);
INSERT INTO games_wordone VALUES(215,'Dsir','desir',3);
INSERT INTO games_wordone VALUES(216,'Enchant','enchante',3);
INSERT INTO games_wordone VALUES(217,'Epe','epee',3);
INSERT INTO games_wordone VALUES(218,'Escargot','escargot',3);
INSERT INTO games_wordone VALUES(219,'Football','football',3);
INSERT INTO games_wordone VALUES(220,'Fourchette','fourchette',3);
INSERT INTO games_wordone VALUES(221,'Fut','fute',3);
INSERT INTO games_wordone VALUES(222,'Fbrile','febrile',3);
INSERT INTO games_wordone VALUES(223,'Goupille','goupille',3);
INSERT INTO games_wordone VALUES(224,'Gupard','guepard',3);
INSERT INTO games_wordone VALUES(225,'Grer','gerer',3);
INSERT INTO games_wordone VALUES(226,'Har','hair',3);
INSERT INTO games_wordone VALUES(227,'Lunettes','lunettes',3);
INSERT INTO games_wordone VALUES(228,'Macaroni','macaroni',3);
INSERT INTO games_wordone VALUES(229,'Marguerite','marguerite',3);
INSERT INTO games_wordone VALUES(230,'Mas','mais',3);
INSERT INTO games_wordone VALUES(231,'Montagne','montagne',3);
INSERT INTO games_wordone VALUES(232,'Moustache','moustache',3);
INSERT INTO games_wordone VALUES(233,'Muse','musee',3);
INSERT INTO games_wordone VALUES(234,'Mdecin','medecin',3);
INSERT INTO games_wordone VALUES(235,'Mlange','melange',3);
INSERT INTO games_wordone VALUES(236,'Naf','naif',3);
INSERT INTO games_wordone VALUES(237,'Nourriture','nourriture',3);
INSERT INTO games_wordone VALUES(238,'Nol','noel',3);
INSERT INTO games_wordone VALUES(239,'Ordinateur','ordinateur',3);
INSERT INTO games_wordone VALUES(240,'Oue','ouie',3);
INSERT INTO games_wordone VALUES(241,'Pantalon','pantalon',3);
INSERT INTO games_wordone VALUES(242,'Parapluie','parapluie',3);
INSERT INTO games_wordone VALUES(243,'Portefeuille','portefeuille',3);
INSERT INTO games_wordone VALUES(244,'Pot  fleurs','pot-a-fleurs',3);
INSERT INTO games_wordone VALUES(245,'Printemps','printemps',3);
INSERT INTO games_wordone VALUES(246,'Professeur','professeur',3);
INSERT INTO games_wordone VALUES(247,'Revolver','revolver',3);
INSERT INTO games_wordone VALUES(248,'Rondelle','rondelle',3);
INSERT INTO games_wordone VALUES(249,'Sandwich','sandwich',3);
INSERT INTO games_wordone VALUES(250,'Serviette','serviette',3);
INSERT INTO games_wordone VALUES(251,'Sourcils','sourcils',3);
INSERT INTO games_wordone VALUES(252,'Spcimen','specimen',3);
INSERT INTO games_wordone VALUES(253,'Succs','succes',3);
INSERT INTO games_wordone VALUES(254,'Squoia','sequoia',3);
INSERT INTO games_wordone VALUES(255,'Svre','severe',3);
INSERT INTO games_wordone VALUES(256,'Tableau noir','tableau-noir',3);
INSERT INTO games_wordone VALUES(257,'Toilettes','toilettes',3);
INSERT INTO games_wordone VALUES(258,'Tournesol','tournesol',3);
INSERT INTO games_wordone VALUES(259,'Transport','transport',3);
INSERT INTO games_wordone VALUES(260,'Triangle','triangle',3);
INSERT INTO games_wordone VALUES(261,'Trompette','trompette',3);
INSERT INTO games_wordone VALUES(262,'Trottoir','trottoir',3);
INSERT INTO games_wordone VALUES(263,'Trfle','trefle',3);
INSERT INTO games_wordone VALUES(264,'Trs','tres',3);
INSERT INTO games_wordone VALUES(265,'Ttine','tetine',3);
CREATE TABLE IF NOT EXISTS `games_wordone_group` (`id` integer NOT NULL PRIMARY KEY AUTO_INCREMENT, `wordone_id` bigint NOT NULL REFERENCES `games_wordone` (`id`) , `group_id` integer NOT NULL REFERENCES `auth_group` (`id`) );
INSERT INTO games_wordone_group VALUES(1,1,8);
INSERT INTO games_wordone_group VALUES(2,2,8);
INSERT INTO games_wordone_group VALUES(3,3,8);
INSERT INTO games_wordone_group VALUES(4,4,8);
INSERT INTO games_wordone_group VALUES(5,5,8);
INSERT INTO games_wordone_group VALUES(6,6,8);
INSERT INTO games_wordone_group VALUES(7,7,8);
INSERT INTO games_wordone_group VALUES(8,8,8);
INSERT INTO games_wordone_group VALUES(9,9,8);
INSERT INTO games_wordone_group VALUES(10,10,8);
INSERT INTO games_wordone_group VALUES(11,11,8);
INSERT INTO games_wordone_group VALUES(12,12,8);
INSERT INTO games_wordone_group VALUES(13,13,8);
INSERT INTO games_wordone_group VALUES(14,14,8);
INSERT INTO games_wordone_group VALUES(15,15,8);
INSERT INTO games_wordone_group VALUES(16,16,8);
INSERT INTO games_wordone_group VALUES(17,17,8);
INSERT INTO games_wordone_group VALUES(18,18,8);
INSERT INTO games_wordone_group VALUES(19,19,8);
INSERT INTO games_wordone_group VALUES(20,20,8);
INSERT INTO games_wordone_group VALUES(21,21,8);
INSERT INTO games_wordone_group VALUES(22,22,8);
INSERT INTO games_wordone_group VALUES(23,23,8);
INSERT INTO games_wordone_group VALUES(24,24,8);
INSERT INTO games_wordone_group VALUES(25,25,8);
INSERT INTO games_wordone_group VALUES(26,26,8);
INSERT INTO games_wordone_group VALUES(27,27,8);
INSERT INTO games_wordone_group VALUES(28,28,8);
INSERT INTO games_wordone_group VALUES(29,29,8);
INSERT INTO games_wordone_group VALUES(30,30,8);
INSERT INTO games_wordone_group VALUES(31,31,8);
INSERT INTO games_wordone_group VALUES(32,32,8);
INSERT INTO games_wordone_group VALUES(33,33,8);
INSERT INTO games_wordone_group VALUES(34,34,8);
INSERT INTO games_wordone_group VALUES(35,35,8);
INSERT INTO games_wordone_group VALUES(36,36,8);
INSERT INTO games_wordone_group VALUES(37,37,8);
INSERT INTO games_wordone_group VALUES(38,38,8);
INSERT INTO games_wordone_group VALUES(39,39,8);
INSERT INTO games_wordone_group VALUES(40,40,8);
INSERT INTO games_wordone_group VALUES(41,41,8);
INSERT INTO games_wordone_group VALUES(42,42,8);
INSERT INTO games_wordone_group VALUES(43,43,8);
INSERT INTO games_wordone_group VALUES(44,44,8);
INSERT INTO games_wordone_group VALUES(45,45,8);
INSERT INTO games_wordone_group VALUES(46,46,8);
INSERT INTO games_wordone_group VALUES(47,47,8);
INSERT INTO games_wordone_group VALUES(48,48,8);
INSERT INTO games_wordone_group VALUES(49,49,8);
INSERT INTO games_wordone_group VALUES(50,50,8);
INSERT INTO games_wordone_group VALUES(51,51,8);
INSERT INTO games_wordone_group VALUES(52,52,8);
INSERT INTO games_wordone_group VALUES(53,53,8);
INSERT INTO games_wordone_group VALUES(54,54,8);
INSERT INTO games_wordone_group VALUES(55,55,8);
INSERT INTO games_wordone_group VALUES(56,56,8);
INSERT INTO games_wordone_group VALUES(57,57,8);
INSERT INTO games_wordone_group VALUES(58,58,8);
INSERT INTO games_wordone_group VALUES(59,59,8);
INSERT INTO games_wordone_group VALUES(60,60,8);
INSERT INTO games_wordone_group VALUES(61,61,8);
INSERT INTO games_wordone_group VALUES(62,62,8);
INSERT INTO games_wordone_group VALUES(63,63,8);
INSERT INTO games_wordone_group VALUES(64,64,8);
INSERT INTO games_wordone_group VALUES(65,65,8);
INSERT INTO games_wordone_group VALUES(66,66,8);
INSERT INTO games_wordone_group VALUES(67,67,8);
INSERT INTO games_wordone_group VALUES(68,68,8);
INSERT INTO games_wordone_group VALUES(69,69,8);
INSERT INTO games_wordone_group VALUES(70,70,8);
INSERT INTO games_wordone_group VALUES(71,71,8);
INSERT INTO games_wordone_group VALUES(72,72,8);
INSERT INTO games_wordone_group VALUES(73,73,8);
INSERT INTO games_wordone_group VALUES(74,74,8);
INSERT INTO games_wordone_group VALUES(75,75,8);
INSERT INTO games_wordone_group VALUES(76,76,8);
INSERT INTO games_wordone_group VALUES(77,77,8);
INSERT INTO games_wordone_group VALUES(78,78,8);
INSERT INTO games_wordone_group VALUES(79,79,8);
INSERT INTO games_wordone_group VALUES(80,80,8);
INSERT INTO games_wordone_group VALUES(81,81,8);
INSERT INTO games_wordone_group VALUES(82,82,8);
INSERT INTO games_wordone_group VALUES(83,83,8);
INSERT INTO games_wordone_group VALUES(84,84,8);
INSERT INTO games_wordone_group VALUES(85,85,8);
INSERT INTO games_wordone_group VALUES(86,86,8);
INSERT INTO games_wordone_group VALUES(87,87,8);
INSERT INTO games_wordone_group VALUES(88,88,8);
INSERT INTO games_wordone_group VALUES(89,89,8);
INSERT INTO games_wordone_group VALUES(90,90,8);
INSERT INTO games_wordone_group VALUES(91,91,8);
INSERT INTO games_wordone_group VALUES(92,92,8);
INSERT INTO games_wordone_group VALUES(93,93,8);
INSERT INTO games_wordone_group VALUES(94,94,8);
INSERT INTO games_wordone_group VALUES(95,95,8);
INSERT INTO games_wordone_group VALUES(96,96,8);
INSERT INTO games_wordone_group VALUES(97,97,8);
INSERT INTO games_wordone_group VALUES(98,98,8);
INSERT INTO games_wordone_group VALUES(99,99,8);
INSERT INTO games_wordone_group VALUES(100,100,8);
INSERT INTO games_wordone_group VALUES(101,101,8);
INSERT INTO games_wordone_group VALUES(102,102,8);
INSERT INTO games_wordone_group VALUES(103,103,8);
INSERT INTO games_wordone_group VALUES(104,104,8);
INSERT INTO games_wordone_group VALUES(105,105,8);
INSERT INTO games_wordone_group VALUES(106,106,8);
INSERT INTO games_wordone_group VALUES(107,107,8);
INSERT INTO games_wordone_group VALUES(108,108,8);
INSERT INTO games_wordone_group VALUES(109,109,8);
INSERT INTO games_wordone_group VALUES(110,110,8);
INSERT INTO games_wordone_group VALUES(111,111,8);
INSERT INTO games_wordone_group VALUES(112,112,8);
INSERT INTO games_wordone_group VALUES(113,113,8);
INSERT INTO games_wordone_group VALUES(114,114,8);
INSERT INTO games_wordone_group VALUES(115,115,8);
INSERT INTO games_wordone_group VALUES(116,116,8);
INSERT INTO games_wordone_group VALUES(117,117,8);
INSERT INTO games_wordone_group VALUES(118,118,8);
INSERT INTO games_wordone_group VALUES(119,119,8);
INSERT INTO games_wordone_group VALUES(120,120,8);
INSERT INTO games_wordone_group VALUES(121,121,8);
INSERT INTO games_wordone_group VALUES(122,122,8);
INSERT INTO games_wordone_group VALUES(123,123,8);
INSERT INTO games_wordone_group VALUES(124,124,8);
INSERT INTO games_wordone_group VALUES(125,125,8);
INSERT INTO games_wordone_group VALUES(126,126,8);
INSERT INTO games_wordone_group VALUES(127,127,8);
INSERT INTO games_wordone_group VALUES(128,128,8);
INSERT INTO games_wordone_group VALUES(129,129,8);
INSERT INTO games_wordone_group VALUES(130,130,8);
INSERT INTO games_wordone_group VALUES(131,131,8);
INSERT INTO games_wordone_group VALUES(132,132,8);
INSERT INTO games_wordone_group VALUES(133,133,8);
INSERT INTO games_wordone_group VALUES(134,134,8);
INSERT INTO games_wordone_group VALUES(135,135,8);
INSERT INTO games_wordone_group VALUES(136,136,8);
INSERT INTO games_wordone_group VALUES(137,137,8);
INSERT INTO games_wordone_group VALUES(138,138,8);
INSERT INTO games_wordone_group VALUES(139,139,8);
INSERT INTO games_wordone_group VALUES(140,140,8);
INSERT INTO games_wordone_group VALUES(141,141,8);
INSERT INTO games_wordone_group VALUES(142,142,8);
INSERT INTO games_wordone_group VALUES(143,143,8);
INSERT INTO games_wordone_group VALUES(144,144,8);
INSERT INTO games_wordone_group VALUES(145,145,8);
INSERT INTO games_wordone_group VALUES(146,146,8);
INSERT INTO games_wordone_group VALUES(147,147,8);
INSERT INTO games_wordone_group VALUES(148,148,8);
INSERT INTO games_wordone_group VALUES(149,149,8);
INSERT INTO games_wordone_group VALUES(150,150,8);
INSERT INTO games_wordone_group VALUES(151,151,8);
INSERT INTO games_wordone_group VALUES(152,152,8);
INSERT INTO games_wordone_group VALUES(153,153,8);
INSERT INTO games_wordone_group VALUES(154,154,8);
INSERT INTO games_wordone_group VALUES(155,155,8);
INSERT INTO games_wordone_group VALUES(156,156,8);
INSERT INTO games_wordone_group VALUES(157,157,8);
INSERT INTO games_wordone_group VALUES(158,158,8);
INSERT INTO games_wordone_group VALUES(159,159,8);
INSERT INTO games_wordone_group VALUES(160,160,8);
INSERT INTO games_wordone_group VALUES(161,161,8);
INSERT INTO games_wordone_group VALUES(162,162,8);
INSERT INTO games_wordone_group VALUES(163,163,8);
INSERT INTO games_wordone_group VALUES(164,164,8);
INSERT INTO games_wordone_group VALUES(165,165,8);
INSERT INTO games_wordone_group VALUES(166,166,8);
INSERT INTO games_wordone_group VALUES(167,167,8);
INSERT INTO games_wordone_group VALUES(168,168,8);
INSERT INTO games_wordone_group VALUES(169,169,8);
INSERT INTO games_wordone_group VALUES(170,170,8);
INSERT INTO games_wordone_group VALUES(171,171,8);
INSERT INTO games_wordone_group VALUES(172,172,8);
INSERT INTO games_wordone_group VALUES(173,173,8);
INSERT INTO games_wordone_group VALUES(174,174,8);
INSERT INTO games_wordone_group VALUES(175,175,8);
INSERT INTO games_wordone_group VALUES(176,176,8);
INSERT INTO games_wordone_group VALUES(177,177,8);
INSERT INTO games_wordone_group VALUES(178,178,8);
INSERT INTO games_wordone_group VALUES(179,179,8);
INSERT INTO games_wordone_group VALUES(180,180,8);
INSERT INTO games_wordone_group VALUES(181,181,8);
INSERT INTO games_wordone_group VALUES(182,182,8);
INSERT INTO games_wordone_group VALUES(183,183,8);
INSERT INTO games_wordone_group VALUES(184,184,8);
INSERT INTO games_wordone_group VALUES(185,185,8);
INSERT INTO games_wordone_group VALUES(186,186,8);
INSERT INTO games_wordone_group VALUES(187,187,8);
INSERT INTO games_wordone_group VALUES(188,188,8);
INSERT INTO games_wordone_group VALUES(189,189,8);
INSERT INTO games_wordone_group VALUES(190,190,8);
INSERT INTO games_wordone_group VALUES(191,191,8);
INSERT INTO games_wordone_group VALUES(192,192,8);
INSERT INTO games_wordone_group VALUES(193,193,8);
INSERT INTO games_wordone_group VALUES(194,194,8);
INSERT INTO games_wordone_group VALUES(195,195,8);
INSERT INTO games_wordone_group VALUES(196,196,8);
INSERT INTO games_wordone_group VALUES(197,197,8);
INSERT INTO games_wordone_group VALUES(198,198,8);
INSERT INTO games_wordone_group VALUES(199,199,8);
INSERT INTO games_wordone_group VALUES(200,200,8);
INSERT INTO games_wordone_group VALUES(201,201,8);
INSERT INTO games_wordone_group VALUES(202,202,8);
INSERT INTO games_wordone_group VALUES(203,203,8);
INSERT INTO games_wordone_group VALUES(204,204,8);
INSERT INTO games_wordone_group VALUES(205,205,8);
INSERT INTO games_wordone_group VALUES(206,206,8);
INSERT INTO games_wordone_group VALUES(207,207,8);
INSERT INTO games_wordone_group VALUES(208,208,8);
INSERT INTO games_wordone_group VALUES(209,209,8);
INSERT INTO games_wordone_group VALUES(210,210,8);
INSERT INTO games_wordone_group VALUES(211,211,8);
INSERT INTO games_wordone_group VALUES(212,212,8);
INSERT INTO games_wordone_group VALUES(213,213,8);
INSERT INTO games_wordone_group VALUES(214,214,8);
INSERT INTO games_wordone_group VALUES(215,215,8);
INSERT INTO games_wordone_group VALUES(216,216,8);
INSERT INTO games_wordone_group VALUES(217,217,8);
INSERT INTO games_wordone_group VALUES(218,218,8);
INSERT INTO games_wordone_group VALUES(219,219,8);
INSERT INTO games_wordone_group VALUES(220,220,8);
INSERT INTO games_wordone_group VALUES(221,221,8);
INSERT INTO games_wordone_group VALUES(222,222,8);
INSERT INTO games_wordone_group VALUES(223,223,8);
INSERT INTO games_wordone_group VALUES(224,224,8);
INSERT INTO games_wordone_group VALUES(225,225,8);
INSERT INTO games_wordone_group VALUES(226,226,8);
INSERT INTO games_wordone_group VALUES(227,227,8);
INSERT INTO games_wordone_group VALUES(228,228,8);
INSERT INTO games_wordone_group VALUES(229,229,8);
INSERT INTO games_wordone_group VALUES(230,230,8);
INSERT INTO games_wordone_group VALUES(231,231,8);
INSERT INTO games_wordone_group VALUES(232,232,8);
INSERT INTO games_wordone_group VALUES(233,233,8);
INSERT INTO games_wordone_group VALUES(234,234,8);
INSERT INTO games_wordone_group VALUES(235,235,8);
INSERT INTO games_wordone_group VALUES(236,236,8);
INSERT INTO games_wordone_group VALUES(237,237,8);
INSERT INTO games_wordone_group VALUES(238,238,8);
INSERT INTO games_wordone_group VALUES(239,239,8);
INSERT INTO games_wordone_group VALUES(240,240,8);
INSERT INTO games_wordone_group VALUES(241,241,8);
INSERT INTO games_wordone_group VALUES(242,242,8);
INSERT INTO games_wordone_group VALUES(243,243,8);
INSERT INTO games_wordone_group VALUES(244,244,8);
INSERT INTO games_wordone_group VALUES(245,245,8);
INSERT INTO games_wordone_group VALUES(246,246,8);
INSERT INTO games_wordone_group VALUES(247,247,8);
INSERT INTO games_wordone_group VALUES(248,248,8);
INSERT INTO games_wordone_group VALUES(249,249,8);
INSERT INTO games_wordone_group VALUES(250,250,8);
INSERT INTO games_wordone_group VALUES(251,251,8);
INSERT INTO games_wordone_group VALUES(252,252,8);
INSERT INTO games_wordone_group VALUES(253,253,8);
INSERT INTO games_wordone_group VALUES(254,254,8);
INSERT INTO games_wordone_group VALUES(255,255,8);
INSERT INTO games_wordone_group VALUES(256,256,8);
INSERT INTO games_wordone_group VALUES(257,257,8);
INSERT INTO games_wordone_group VALUES(258,258,8);
INSERT INTO games_wordone_group VALUES(259,259,8);
INSERT INTO games_wordone_group VALUES(260,260,8);
INSERT INTO games_wordone_group VALUES(261,261,8);
INSERT INTO games_wordone_group VALUES(262,262,8);
INSERT INTO games_wordone_group VALUES(263,263,8);
INSERT INTO games_wordone_group VALUES(264,264,8);
INSERT INTO games_wordone_group VALUES(265,265,8);
CREATE TABLE IF NOT EXISTS `poll_question_choices` (`id` integer NOT NULL PRIMARY KEY AUTO_INCREMENT, `question_id` bigint NOT NULL REFERENCES `poll_question` (`id`) , `answer_id` bigint NOT NULL REFERENCES `poll_answer` (`id`) );
INSERT INTO poll_question_choices VALUES(5,11,10);
INSERT INTO poll_question_choices VALUES(6,11,11);
INSERT INTO poll_question_choices VALUES(7,11,12);
INSERT INTO poll_question_choices VALUES(8,12,13);
INSERT INTO poll_question_choices VALUES(9,12,14);
INSERT INTO poll_question_choices VALUES(10,12,15);
INSERT INTO poll_question_choices VALUES(13,12,18);
INSERT INTO poll_question_choices VALUES(14,13,19);
INSERT INTO poll_question_choices VALUES(15,13,20);
INSERT INTO poll_question_choices VALUES(16,11,21);
INSERT INTO poll_question_choices VALUES(17,11,22);
INSERT INTO poll_question_choices VALUES(18,11,23);
INSERT INTO poll_question_choices VALUES(19,17,24);
INSERT INTO poll_question_choices VALUES(20,17,25);
INSERT INTO poll_question_choices VALUES(21,17,26);
INSERT INTO poll_question_choices VALUES(22,17,27);
INSERT INTO poll_question_choices VALUES(23,18,28);
INSERT INTO poll_question_choices VALUES(24,18,29);
INSERT INTO poll_question_choices VALUES(25,18,30);
INSERT INTO poll_question_choices VALUES(26,18,31);
INSERT INTO poll_question_choices VALUES(27,18,32);
INSERT INTO poll_question_choices VALUES(28,19,33);
INSERT INTO poll_question_choices VALUES(29,19,34);
INSERT INTO poll_question_choices VALUES(30,19,35);
INSERT INTO poll_question_choices VALUES(31,19,36);
INSERT INTO poll_question_choices VALUES(32,20,37);
INSERT INTO poll_question_choices VALUES(33,20,38);
INSERT INTO poll_question_choices VALUES(34,20,39);
INSERT INTO poll_question_choices VALUES(35,20,40);
INSERT INTO poll_question_choices VALUES(36,20,41);
INSERT INTO poll_question_choices VALUES(37,20,42);
INSERT INTO poll_question_choices VALUES(38,20,43);
INSERT INTO poll_question_choices VALUES(39,21,44);
INSERT INTO poll_question_choices VALUES(40,21,45);
INSERT INTO poll_question_choices VALUES(41,21,46);
INSERT INTO poll_question_choices VALUES(42,21,47);
INSERT INTO poll_question_choices VALUES(43,22,48);
INSERT INTO poll_question_choices VALUES(44,22,49);
INSERT INTO poll_question_choices VALUES(45,22,50);
INSERT INTO poll_question_choices VALUES(46,22,51);
INSERT INTO poll_question_choices VALUES(47,23,52);
INSERT INTO poll_question_choices VALUES(48,23,53);
INSERT INTO poll_question_choices VALUES(49,23,54);
INSERT INTO poll_question_choices VALUES(50,23,55);
INSERT INTO poll_question_choices VALUES(51,23,56);
INSERT INTO poll_question_choices VALUES(52,23,57);
INSERT INTO poll_question_choices VALUES(53,24,58);
INSERT INTO poll_question_choices VALUES(54,24,59);
INSERT INTO poll_question_choices VALUES(55,24,60);
INSERT INTO poll_question_choices VALUES(56,24,61);
INSERT INTO poll_question_choices VALUES(57,24,62);
INSERT INTO poll_question_choices VALUES(58,24,63);
INSERT INTO poll_question_choices VALUES(59,24,64);
INSERT INTO poll_question_choices VALUES(60,25,65);
INSERT INTO poll_question_choices VALUES(61,25,66);
INSERT INTO poll_question_choices VALUES(62,25,67);
INSERT INTO poll_question_choices VALUES(63,25,68);
INSERT INTO poll_question_choices VALUES(64,25,69);
INSERT INTO poll_question_choices VALUES(65,26,70);
INSERT INTO poll_question_choices VALUES(66,26,71);
INSERT INTO poll_question_choices VALUES(67,26,72);
INSERT INTO poll_question_choices VALUES(68,26,73);
INSERT INTO poll_question_choices VALUES(69,26,74);
INSERT INTO poll_question_choices VALUES(70,26,75);
INSERT INTO poll_question_choices VALUES(71,27,76);
INSERT INTO poll_question_choices VALUES(72,27,77);
INSERT INTO poll_question_choices VALUES(73,27,78);
INSERT INTO poll_question_choices VALUES(74,27,79);
INSERT INTO poll_question_choices VALUES(75,27,80);
INSERT INTO poll_question_choices VALUES(76,28,81);
INSERT INTO poll_question_choices VALUES(77,28,82);
INSERT INTO poll_question_choices VALUES(78,29,83);
INSERT INTO poll_question_choices VALUES(79,29,84);
INSERT INTO poll_question_choices VALUES(80,29,85);
INSERT INTO poll_question_choices VALUES(81,30,86);
INSERT INTO poll_question_choices VALUES(82,30,87);
INSERT INTO poll_question_choices VALUES(83,31,88);
INSERT INTO poll_question_choices VALUES(84,31,89);
INSERT INTO poll_question_choices VALUES(85,31,90);
CREATE TABLE IF NOT EXISTS `poll_quiz_questions` (`id` integer NOT NULL PRIMARY KEY AUTO_INCREMENT, `quiz_id` bigint NOT NULL REFERENCES `poll_quiz` (`id`) , `question_id` bigint NOT NULL REFERENCES `poll_question` (`id`) );
INSERT INTO poll_quiz_questions VALUES(1,1,11);
INSERT INTO poll_quiz_questions VALUES(2,1,12);
INSERT INTO poll_quiz_questions VALUES(3,1,13);
INSERT INTO poll_quiz_questions VALUES(12,1,14);
INSERT INTO poll_quiz_questions VALUES(13,2,17);
INSERT INTO poll_quiz_questions VALUES(14,2,18);
INSERT INTO poll_quiz_questions VALUES(15,2,19);
INSERT INTO poll_quiz_questions VALUES(16,2,20);
INSERT INTO poll_quiz_questions VALUES(17,2,21);
INSERT INTO poll_quiz_questions VALUES(18,2,22);
INSERT INTO poll_quiz_questions VALUES(19,2,23);
INSERT INTO poll_quiz_questions VALUES(20,2,24);
INSERT INTO poll_quiz_questions VALUES(21,2,25);
INSERT INTO poll_quiz_questions VALUES(22,2,26);
INSERT INTO poll_quiz_questions VALUES(24,2,28);
INSERT INTO poll_quiz_questions VALUES(25,2,29);
INSERT INTO poll_quiz_questions VALUES(26,2,30);
INSERT INTO poll_quiz_questions VALUES(27,2,31);
CREATE TABLE IF NOT EXISTS `poll_quizinstance` (`id` integer NOT NULL PRIMARY KEY AUTO_INCREMENT, `start_quiz` datetime NOT NULL, `score` integer NOT NULL, `complete` bool NOT NULL, `player_id` integer NOT NULL REFERENCES `auth_user` (`id`) , `quiz_id` bigint NOT NULL REFERENCES `poll_quiz` (`id`) );
INSERT INTO poll_quizinstance VALUES(19,'2022-05-24 13:41:00.999952',18,0,1,2);
CREATE TABLE IF NOT EXISTS `poll_theme` (`id` integer NOT NULL PRIMARY KEY AUTO_INCREMENT, `nom` varchar(255) NOT NULL);
INSERT INTO poll_theme VALUES(1,'Scratch');
CREATE TABLE IF NOT EXISTS `poll_userresponse_response` (`id` integer NOT NULL PRIMARY KEY AUTO_INCREMENT, `userresponse_id` bigint NOT NULL REFERENCES `poll_userresponse` (`id`) , `answer_id` bigint NOT NULL REFERENCES `poll_answer` (`id`) );
INSERT INTO poll_userresponse_response VALUES(113,75,27);
INSERT INTO poll_userresponse_response VALUES(114,76,29);
INSERT INTO poll_userresponse_response VALUES(115,76,30);
INSERT INTO poll_userresponse_response VALUES(116,76,31);
INSERT INTO poll_userresponse_response VALUES(117,77,33);
INSERT INTO poll_userresponse_response VALUES(118,77,36);
INSERT INTO poll_userresponse_response VALUES(119,77,35);
INSERT INTO poll_userresponse_response VALUES(120,78,39);
INSERT INTO poll_userresponse_response VALUES(121,78,38);
INSERT INTO poll_userresponse_response VALUES(122,78,40);
INSERT INTO poll_userresponse_response VALUES(123,79,47);
INSERT INTO poll_userresponse_response VALUES(124,80,48);
INSERT INTO poll_userresponse_response VALUES(125,81,52);
INSERT INTO poll_userresponse_response VALUES(126,81,55);
INSERT INTO poll_userresponse_response VALUES(127,82,64);
INSERT INTO poll_userresponse_response VALUES(128,82,61);
INSERT INTO poll_userresponse_response VALUES(129,83,67);
INSERT INTO poll_userresponse_response VALUES(130,83,68);
INSERT INTO poll_userresponse_response VALUES(131,84,74);
INSERT INTO poll_userresponse_response VALUES(132,84,73);
INSERT INTO poll_userresponse_response VALUES(133,84,70);
INSERT INTO poll_userresponse_response VALUES(134,84,75);
INSERT INTO poll_userresponse_response VALUES(135,84,72);
INSERT INTO poll_userresponse_response VALUES(136,84,71);
INSERT INTO poll_userresponse_response VALUES(137,85,82);
INSERT INTO poll_userresponse_response VALUES(138,86,85);
INSERT INTO poll_userresponse_response VALUES(139,86,83);
INSERT INTO poll_userresponse_response VALUES(140,87,87);
INSERT INTO poll_userresponse_response VALUES(141,88,88);
CREATE TABLE IF NOT EXISTS `poll_questionorder` (`id` integer NOT NULL PRIMARY KEY AUTO_INCREMENT, `order` integer NOT NULL, `question_id` bigint NOT NULL REFERENCES `poll_question` (`id`) , `quiz_id` bigint NOT NULL REFERENCES `poll_quiz` (`id`) );
CREATE TABLE IF NOT EXISTS `poll_userresponse` (`id` integer NOT NULL PRIMARY KEY AUTO_INCREMENT, `question_id` bigint NOT NULL REFERENCES `poll_question` (`id`) , `quiz_instance_id` bigint NOT NULL REFERENCES `poll_quizinstance` (`id`) );
INSERT INTO poll_userresponse VALUES(75,17,19);
INSERT INTO poll_userresponse VALUES(76,18,19);
INSERT INTO poll_userresponse VALUES(77,19,19);
INSERT INTO poll_userresponse VALUES(78,20,19);
INSERT INTO poll_userresponse VALUES(79,21,19);
INSERT INTO poll_userresponse VALUES(80,22,19);
INSERT INTO poll_userresponse VALUES(81,23,19);
INSERT INTO poll_userresponse VALUES(82,24,19);
INSERT INTO poll_userresponse VALUES(83,25,19);
INSERT INTO poll_userresponse VALUES(84,26,19);
INSERT INTO poll_userresponse VALUES(85,28,19);
INSERT INTO poll_userresponse VALUES(86,29,19);
INSERT INTO poll_userresponse VALUES(87,30,19);
INSERT INTO poll_userresponse VALUES(88,31,19);
CREATE TABLE IF NOT EXISTS `account_tokenlogin` (`id` integer NOT NULL PRIMARY KEY AUTO_INCREMENT, `token` varchar(255) NOT NULL UNIQUE, `user_id` integer NOT NULL REFERENCES `auth_user` (`id`) );
INSERT INTO account_tokenlogin VALUES(2,'PaEuhBKpX4MLYdYn1LQVtay959BIUhqUvLXIVAj9',139);
CREATE TABLE IF NOT EXISTS `account_player` (`id` integer NOT NULL PRIMARY KEY AUTO_INCREMENT, `confirm` bool NOT NULL, `user_id` integer NOT NULL REFERENCES `auth_user` (`id`) , `date` date NOT NULL);
CREATE TABLE IF NOT EXISTS `games_halo` (`id` integer NOT NULL PRIMARY KEY AUTO_INCREMENT, `name` varchar(200) NOT NULL, `image` varchar(100) NOT NULL);
INSERT INTO games_halo VALUES(29,'Charlie','halo/charlie.jpeg');
INSERT INTO games_halo VALUES(30,'New York','halo/new-york.jpg');
INSERT INTO games_halo VALUES(31,'Hansel et Gretel','halo/hansel-et-gretel.jpg');
CREATE TABLE IF NOT EXISTS `poll_answer` (`id` integer NOT NULL PRIMARY KEY AUTO_INCREMENT, `answer` varchar(200) NULL, `correct` bool NOT NULL, `answer_pic` varchar(100) NOT NULL);
INSERT INTO poll_answer VALUES(10,'Reponse A',1,'poll/ChambreParents05.png');
INSERT INTO poll_answer VALUES(11,'Reponse B',0,'poll/leaf.png');
INSERT INTO poll_answer VALUES(12,'Reponse C',0,'poll/logov2_2.png');
INSERT INTO poll_answer VALUES(13,'Pas grand choses',1,'');
INSERT INTO poll_answer VALUES(14,'Plein de chose',0,'');
INSERT INTO poll_answer VALUES(15,'Rien du tout',1,'');
INSERT INTO poll_answer VALUES(18,'Encore et encore ;)',0,'');
INSERT INTO poll_answer VALUES(19,'Oui',1,'poll/PoirotPinterset.jpg');
INSERT INTO poll_answer VALUES(20,'Non',0,'poll/affiche-burger.jpeg');
INSERT INTO poll_answer VALUES(21,'Reponse D',0,'poll/ChambreParents08.png');
INSERT INTO poll_answer VALUES(22,'Reponse E',0,'poll/logo.png');
INSERT INTO poll_answer VALUES(23,'Reponse F',0,'poll/Zombie.jpg');
INSERT INTO poll_answer VALUES(24,'',0,'poll/Capture_decran_2022-05-17_a_09.18.52.png');
INSERT INTO poll_answer VALUES(25,'',0,'poll/Capture_decran_2022-05-17_a_09.18.46.png');
INSERT INTO poll_answer VALUES(26,'',0,'poll/Capture_decran_2022-05-17_a_09.18.40.png');
INSERT INTO poll_answer VALUES(27,'',1,'poll/Capture_decran_2022-05-17_a_09.18.33.png');
INSERT INTO poll_answer VALUES(28,'',1,'poll/Capture_decran_2022-05-17_a_10.16.30.png');
INSERT INTO poll_answer VALUES(29,'',0,'poll/Capture_decran_2022-05-17_a_10.16.37.png');
INSERT INTO poll_answer VALUES(30,'',0,'poll/Capture_decran_2022-05-17_a_10.16.43.png');
INSERT INTO poll_answer VALUES(31,'',1,'poll/Capture_decran_2022-05-17_a_10.16.48.png');
INSERT INTO poll_answer VALUES(32,'',1,'poll/Capture_decran_2022-05-17_a_10.19.22.png');
INSERT INTO poll_answer VALUES(33,'',0,'poll/Capture_decran_2022-05-17_a_10.46.36.png');
INSERT INTO poll_answer VALUES(34,'',1,'poll/Capture_decran_2022-05-17_a_10.46.30.png');
INSERT INTO poll_answer VALUES(35,'',0,'poll/Capture_decran_2022-05-17_a_10.46.23.png');
INSERT INTO poll_answer VALUES(36,'',1,'poll/Capture_decran_2022-05-17_a_10.46.16.png');
INSERT INTO poll_answer VALUES(37,'0',0,'');
INSERT INTO poll_answer VALUES(38,'1',1,'');
INSERT INTO poll_answer VALUES(39,'10',1,'');
INSERT INTO poll_answer VALUES(40,'5',1,'');
INSERT INTO poll_answer VALUES(41,'11',0,'');
INSERT INTO poll_answer VALUES(42,'Bonjour',0,'');
INSERT INTO poll_answer VALUES(43,'Il ne va rien dire ...',0,'');
INSERT INTO poll_answer VALUES(44,'',0,'poll/Capture_decran_2022-05-17_a_14.48.07.png');
INSERT INTO poll_answer VALUES(45,'',0,'poll/Capture_decran_2022-05-17_a_14.47.58.png');
INSERT INTO poll_answer VALUES(46,'',0,'poll/Capture_decran_2022-05-17_a_14.47.53.png');
INSERT INTO poll_answer VALUES(47,'',1,'poll/Capture_decran_2022-05-17_a_14.47.46.png');
INSERT INTO poll_answer VALUES(48,'X',1,'');
INSERT INTO poll_answer VALUES(49,'Y',0,'');
INSERT INTO poll_answer VALUES(50,'Z',0,'');
INSERT INTO poll_answer VALUES(51,'A',0,'');
INSERT INTO poll_answer VALUES(52,'',1,'poll/Capture_decran_2022-05-17_a_14.57.53.png');
INSERT INTO poll_answer VALUES(53,'',0,'poll/Capture_decran_2022-05-17_a_14.57.57.png');
INSERT INTO poll_answer VALUES(54,'',0,'poll/Capture_decran_2022-05-17_a_14.57.50.png');
INSERT INTO poll_answer VALUES(55,'',0,'poll/Capture_decran_2022-05-17_a_14.57.45.png');
INSERT INTO poll_answer VALUES(56,'',1,'poll/Capture_decran_2022-05-17_a_14.57.41.png');
INSERT INTO poll_answer VALUES(57,'',0,'poll/Capture_decran_2022-05-17_a_14.57.36.png');
INSERT INTO poll_answer VALUES(58,'',0,'poll/Capture_decran_2022-05-17_a_15.22.13.png');
INSERT INTO poll_answer VALUES(59,'',0,'poll/Capture_decran_2022-05-17_a_15.22.18.png');
INSERT INTO poll_answer VALUES(60,'',0,'poll/Capture_decran_2022-05-17_a_15.22.10.png');
INSERT INTO poll_answer VALUES(61,'',1,'poll/Capture_decran_2022-05-17_a_15.22.01.png');
INSERT INTO poll_answer VALUES(62,'',0,'poll/Capture_decran_2022-05-17_a_15.21.58.png');
INSERT INTO poll_answer VALUES(63,'',0,'poll/Capture_decran_2022-05-17_a_15.21.54.png');
INSERT INTO poll_answer VALUES(64,'',1,'poll/Capture_decran_2022-05-17_a_15.21.50.png');
INSERT INTO poll_answer VALUES(65,'',0,'poll/Capture_decran_2022-05-17_a_15.53.35.png');
INSERT INTO poll_answer VALUES(66,'',0,'poll/Capture_decran_2022-05-17_a_15.53.32.png');
INSERT INTO poll_answer VALUES(67,'',1,'poll/Capture_decran_2022-05-17_a_15.53.28.png');
INSERT INTO poll_answer VALUES(68,'',1,'poll/Capture_decran_2022-05-17_a_15.53.18.png');
INSERT INTO poll_answer VALUES(69,'',0,'poll/Capture_decran_2022-05-17_a_15.53.24.png');
INSERT INTO poll_answer VALUES(70,'Mon score sera de 10',1,'');
INSERT INTO poll_answer VALUES(71,'Mon score restera  0',0,'');
INSERT INTO poll_answer VALUES(72,'Mon score sera de 1',0,'');
INSERT INTO poll_answer VALUES(73,'L''toile sera supprim aprs avoir touch le sprite orange (Gobo)',1,'');
INSERT INTO poll_answer VALUES(74,'Le sprite orange (Gobo) sera supprim aprs avoir touch l''toile',0,'');
INSERT INTO poll_answer VALUES(75,'L''toile tombe sans rien faire d''autre',0,'');
INSERT INTO poll_answer VALUES(76,'',0,'poll/Capture_decran_2022-05-17_a_16.18.49.png');
INSERT INTO poll_answer VALUES(77,'',0,'poll/Capture_decran_2022-05-17_a_16.18.43.png');
INSERT INTO poll_answer VALUES(78,'',0,'poll/Capture_decran_2022-05-17_a_16.18.38.png');
INSERT INTO poll_answer VALUES(79,'',1,'poll/Capture_decran_2022-05-17_a_16.18.31.png');
INSERT INTO poll_answer VALUES(80,'',1,'poll/Capture_decran_2022-05-17_a_16.18.19.png');
INSERT INTO poll_answer VALUES(81,'Oui',0,'');
INSERT INTO poll_answer VALUES(82,'Non',1,'');
INSERT INTO poll_answer VALUES(83,'',1,'poll/Capture_decran_2022-05-17_a_16.25.36.png');
INSERT INTO poll_answer VALUES(84,'',0,'poll/Capture_decran_2022-05-17_a_16.25.25.png');
INSERT INTO poll_answer VALUES(85,'',1,'poll/Capture_decran_2022-05-17_a_16.25.20.png');
INSERT INTO poll_answer VALUES(86,'OUI',0,'');
INSERT INTO poll_answer VALUES(87,'NON',1,'');
INSERT INTO poll_answer VALUES(88,'Variable',0,'');
INSERT INTO poll_answer VALUES(89,'Nombre',1,'');
INSERT INTO poll_answer VALUES(90,'rponse',0,'');
CREATE TABLE IF NOT EXISTS `poll_question` (`id` integer NOT NULL PRIMARY KEY AUTO_INCREMENT, `question` varchar(200) NULL, `description` varchar(255) NULL, `mandatory` bool NOT NULL, `multiple` bool NOT NULL, `randomize` bool NOT NULL, `question_pic` varchar(100) NULL);
INSERT INTO poll_question VALUES(11,'Test','Toto',1,0,1,'poll/Delorean24x30.jpeg');
INSERT INTO poll_question VALUES(12,'Quoi Quoi ?','Aidez vous du script joint.',1,1,1,'poll/Capture_decran_2022-04-07_a_14.32.50_1zvO9T1.png');
INSERT INTO poll_question VALUES(13,'T''as aim ?','C''est important',1,0,1,'');
INSERT INTO poll_question VALUES(14,'Question prcise !','Question en lien avec le Quiz',1,0,0,'poll/197_parquet_medium_color_texture-seamless.jpg');
INSERT INTO poll_question VALUES(16,'Autre question prcise ;)','azezaeaz',1,0,0,'poll/viceVersa.jpg');
INSERT INTO poll_question VALUES(17,'Quel groupe de blocs permet de centrer le sprite ?','Au lancement du programme, quel bloc de mouvement permet de centrer le sprite sur la zone d''affichage de Scratch ?',1,0,1,'poll/Capture_decran_2022-05-17_a_09.19.03.png');
INSERT INTO poll_question VALUES(18,'Quel bloc permet de raliser l''animation ci-contre ?','Attention on souhaite animer le sprite en le dplaant de gauche  droite !',1,1,1,'poll/AnimationScratch.gif');
INSERT INTO poll_question VALUES(19,'Quel groupe de bloc permet de dplacer le sprite vers la droite ?','Pour information, le sprite est dj orient vers la droite ...',1,1,1,'');
INSERT INTO poll_question VALUES(20,'Que va-t-on faire dire au sprite avec le bloc de code ci-contre ?','En cliquant sur la barre d''espace que va dire l''ordinateur ?',1,1,1,'poll/Capture_decran_2022-05-17_a_14.29.20.png');
INSERT INTO poll_question VALUES(21,'Quel bloc permet de positionner le rond comme sur l''illustration ?','Le rond est positionn en haut  droite de l''cran ... quel bloc permet de raliser cette action ?',1,0,1,'poll/Capture_decran_2022-05-17_a_14.48.19.png');
INSERT INTO poll_question VALUES(22,'Quel axe permet de dplacer un sprite de la gauche vers la droite ?','',1,0,1,'');
INSERT INTO poll_question VALUES(23,'Quel blocs permets de faire descendre le sprite ?','Parmis les rponses ci-dessous, une seule permet de le faire le sprite !',1,1,1,'');
INSERT INTO poll_question VALUES(24,'Quel groupe de bloc permet de raliser l''animation ci-contre ?','Attention ... je parle bien d''une ANIMATION ... !',1,1,1,'poll/AnimRondDroite.gif');
INSERT INTO poll_question VALUES(25,'Quel bout de code permet de faire sauter le sprite ci-contre ?','Je parle ici aussi d''une anomation ... fluide !',1,1,1,'poll/SautSprite.gif');
INSERT INTO poll_question VALUES(26,'Que va-t-il se passer si je clique sur le drapeau ?','Analyser bien les deux vnements ...',1,1,1,'poll/Capture_decran_2022-05-17_a_16.11.05.png');
INSERT INTO poll_question VALUES(27,'Quel bloc permet en appuyant sur la barre d''espace du clavier de faire avancer le joueur ?','Attention, regardez bien les vnements ...',1,1,1,'poll/Capture_decran_2022-05-17_a_16.18.05.png');
INSERT INTO poll_question VALUES(28,'Si j''appuie sur la barre d''espace ... le personnage va-t-il dire `Bonjour !` ?','',1,0,0,'poll/Capture_decran_2022-05-17_a_16.22.24.png');
INSERT INTO poll_question VALUES(29,'Si je souhaite faire avancer mon personnage UNIQUEMENT de 10 pas ... quel bloc (ou groupe de blocs) vais-je utiliser ?','',1,1,1,'');
INSERT INTO poll_question VALUES(30,'Le groupe de bloc ci-contre permet-il de faire avancer mon personnage de la gauche vers la droite','',1,0,0,'poll/Capture_decran_2022-05-17_a_16.27.31.png');
INSERT INTO poll_question VALUES(31,'Comment s''appelle ici ma variable ?','Regardez bien l''enchainement des blocs ...',1,0,1,'poll/Capture_decran_2022-05-17_a_16.32.44.png');
CREATE TABLE IF NOT EXISTS `poll_quiz` (`id` integer NOT NULL PRIMARY KEY AUTO_INCREMENT, `nom` varchar(200) NOT NULL, `status` integer NOT NULL, `published` datetime NULL, `date_added` datetime NOT NULL, `date_modified` datetime NOT NULL, `theme_id` bigint NULL REFERENCES `poll_theme` (`id`) );
INSERT INTO poll_quiz VALUES(1,'Quiz Test',1,NULL,'2022-04-21 21:16:04.934922','2022-04-21 21:16:04.934984',1);
INSERT INTO poll_quiz VALUES(2,'Scratch',1,NULL,'2022-05-17 07:19:44.653701','2022-05-17 07:19:44.653778',1);

CREATE UNIQUE INDEX `auth_group_permissions_group_id_permission_id_0cd325b0_uniq` ON `auth_group_permissions` (`group_id`, `permission_id`);
CREATE INDEX `auth_group_permissions_group_id_b120cbf9` ON `auth_group_permissions` (`group_id`);
CREATE INDEX `auth_group_permissions_permission_id_84c5c92e` ON `auth_group_permissions` (`permission_id`);
CREATE UNIQUE INDEX `auth_user_groups_user_id_group_id_94350c0c_uniq` ON `auth_user_groups` (`user_id`, `group_id`);
CREATE INDEX `auth_user_groups_user_id_6a12ed8b` ON `auth_user_groups` (`user_id`);
CREATE INDEX `auth_user_groups_group_id_97559544` ON `auth_user_groups` (`group_id`);
CREATE UNIQUE INDEX `auth_user_user_permissions_user_id_permission_id_14a6b632_uniq` ON `auth_user_user_permissions` (`user_id`, `permission_id`);
CREATE INDEX `auth_user_user_permissions_user_id_a95ead1b` ON `auth_user_user_permissions` (`user_id`);
CREATE INDEX `auth_user_user_permissions_permission_id_1fbb5f2c` ON `auth_user_user_permissions` (`permission_id`);
CREATE INDEX `django_admin_log_content_type_id_c4bce8eb` ON `django_admin_log` (`content_type_id`);
CREATE INDEX `django_admin_log_user_id_c564eba6` ON `django_admin_log` (`user_id`);
CREATE UNIQUE INDEX `django_content_type_app_label_model_76bd3d3b_uniq` ON `django_content_type` (`app_label`, `model`);
CREATE UNIQUE INDEX `auth_permission_content_type_id_codename_01ab375a_uniq` ON `auth_permission` (`content_type_id`, `codename`);
CREATE INDEX `auth_permission_content_type_id_2f476e4b` ON `auth_permission` (`content_type_id`);
CREATE INDEX `django_session_expire_date_a5c62663` ON `django_session` (`expire_date`);
CREATE INDEX `games_letterscore_user_id_b4258d92` ON `games_letterscore` (`user_id`);
CREATE INDEX `games_additionscore_user_id_7f3c4584` ON `games_additionscore` (`user_id`);
CREATE INDEX `games_multiplicationscore_user_id_4384800b` ON `games_multiplicationscore` (`user_id`);
CREATE INDEX `games_soustractionscore_user_id_340219cd` ON `games_soustractionscore` (`user_id`);
CREATE INDEX `games_additionposeescore_user_id_157374b7` ON `games_additionposeescore` (`user_id`);
CREATE INDEX `games_wordscore_user_id_e71b0428` ON `games_wordscore` (`user_id`);
CREATE INDEX `games_wordone_name_1f71f90c` ON `games_wordone` (`name`);
CREATE INDEX `games_wordone_slug_9d3dbe9d` ON `games_wordone` (`slug`);
CREATE UNIQUE INDEX `games_wordone_group_wordone_id_group_id_5d675ed7_uniq` ON `games_wordone_group` (`wordone_id`, `group_id`);
CREATE INDEX `games_wordone_group_wordone_id_f86433a8` ON `games_wordone_group` (`wordone_id`);
CREATE INDEX `games_wordone_group_group_id_d56416d3` ON `games_wordone_group` (`group_id`);
CREATE UNIQUE INDEX `poll_question_choices_question_id_answer_id_eaaf2224_uniq` ON `poll_question_choices` (`question_id`, `answer_id`);
CREATE INDEX `poll_question_choices_question_id_f923d80c` ON `poll_question_choices` (`question_id`);
CREATE INDEX `poll_question_choices_answer_id_9709bb30` ON `poll_question_choices` (`answer_id`);
CREATE UNIQUE INDEX `poll_quiz_questions_quiz_id_question_id_cb3e6f86_uniq` ON `poll_quiz_questions` (`quiz_id`, `question_id`);
CREATE INDEX `poll_quiz_questions_quiz_id_b432d874` ON `poll_quiz_questions` (`quiz_id`);
CREATE INDEX `poll_quiz_questions_question_id_bf0bd948` ON `poll_quiz_questions` (`question_id`);
CREATE INDEX `poll_quizinstance_player_id_8fc15f45` ON `poll_quizinstance` (`player_id`);
CREATE INDEX `poll_quizinstance_quiz_id_267d39ad` ON `poll_quizinstance` (`quiz_id`);
CREATE UNIQUE INDEX `poll_userresponse_response_userresponse_id_answer_id_f1337fa3_uniq` ON `poll_userresponse_response` (`userresponse_id`, `answer_id`);
CREATE INDEX `poll_userresponse_response_userresponse_id_545b8664` ON `poll_userresponse_response` (`userresponse_id`);
CREATE INDEX `poll_userresponse_response_answer_id_4064e1b3` ON `poll_userresponse_response` (`answer_id`);
CREATE INDEX `poll_questionorder_question_id_6f27d2b9` ON `poll_questionorder` (`question_id`);
CREATE INDEX `poll_questionorder_quiz_id_d0497559` ON `poll_questionorder` (`quiz_id`);
CREATE INDEX `poll_userresponse_question_id_2e4da708` ON `poll_userresponse` (`question_id`);
CREATE INDEX `poll_userresponse_quiz_instance_id_f0375038` ON `poll_userresponse` (`quiz_instance_id`);
CREATE INDEX `account_tokenlogin_user_id_7349090f` ON `account_tokenlogin` (`user_id`);
CREATE INDEX `account_player_user_id_8038f967` ON `account_player` (`user_id`);
CREATE INDEX `games_halo_name_be72efe0` ON `games_halo` (`name`);
CREATE INDEX `poll_quiz_theme_id_9d50dbac` ON `poll_quiz` (`theme_id`);
COMMIT;
